学名,原图url,未压缩url(png),压缩url(jpg)
一问三不知,https://cdn-private.sm.cn/souti-imgs-lasting/cover_gm_6e4d4594f68aaa768901ad17571f1ef8.jpg,https://cdn-private.sm.cn/souti-imgs-lasting/0bf731071075fe0a6d07e52c0c9826a2.png,https://cdn-private.sm.cn/souti-imgs-lasting/0bf731071075fe0a6d07e52c0c9826a2.jpg
人不为己,https://cdn-private.sm.cn/souti-imgs-lasting/cover_gm_68ed6ed3b0379f999198500532b1c750.jpg,https://cdn-private.sm.cn/souti-imgs-lasting/8a2db073555f1ba0c958a588d0885187.png,https://cdn-private.sm.cn/souti-imgs-lasting/8a2db073555f1ba0c958a588d0885187.jpg
赶鸭子上架,https://cdn-private.sm.cn/souti-imgs-lasting/cover_gm_7cca00c01b95a79426c1285273dcc437.jpg,https://cdn-private.sm.cn/souti-imgs-lasting/5864dd0cf8fe9b700b958e374186ab01.png,https://cdn-private.sm.cn/souti-imgs-lasting/5864dd0cf8fe9b700b958e374186ab01.jpg
拿书必胜,https://cdn-private.sm.cn/souti-imgs-lasting/cover_gm_57edc5af10e1da79753b3e2c45d6c2c3.jpg,https://cdn-private.sm.cn/souti-imgs-lasting/d869ab805de9acef55e98bfc4add08ae.png,https://cdn-private.sm.cn/souti-imgs-lasting/d869ab805de9acef55e98bfc4add08ae.jpg
三寸不烂之舌,https://cdn-private.sm.cn/souti-imgs-lasting/cover_gm_7d8b13378c4d561a0eae853e4406a6bf.jpg,https://cdn-private.sm.cn/souti-imgs-lasting/54d2c25c7ed7b1840339fa7ad1dabbe3.png,https://cdn-private.sm.cn/souti-imgs-lasting/54d2c25c7ed7b1840339fa7ad1dabbe3.jpg
麦盖三层被,https://cdn-private.sm.cn/souti-imgs-lasting/cover_gm_f0f51a3457b5a941e7e19673268dc3de.jpg,https://cdn-private.sm.cn/souti-imgs-lasting/4a767135d65bea9388b4f8733b056ad0.png,https://cdn-private.sm.cn/souti-imgs-lasting/4a767135d65bea9388b4f8733b056ad0.jpg
十八般武艺,https://cdn-private.sm.cn/souti-imgs-lasting/cover_gm_eaa8751e4d56fea332b3eea0ec7ba59c.jpg,https://cdn-private.sm.cn/souti-imgs-lasting/82dc236f4bf11ea7f511d25d87e560ae.png,https://cdn-private.sm.cn/souti-imgs-lasting/82dc236f4bf11ea7f511d25d87e560ae.jpg
套不住狼,https://cdn-private.sm.cn/souti-imgs-lasting/cover_gm_18c27441d2ed8a22efb6de5328daf906.jpg,https://cdn-private.sm.cn/souti-imgs-lasting/2f0fc503d26bb571a60428f74bb0deb4.png,https://cdn-private.sm.cn/souti-imgs-lasting/2f0fc503d26bb571a60428f74bb0deb4.jpg
过零丁洋,https://cdn-private.sm.cn/souti-imgs-lasting/cover_gm_9dd41a6ae22ae4549984093bb3ffb581.jpg,https://cdn-private.sm.cn/souti-imgs-lasting/866f53a0ada58f57f75c27300e115574.png,https://cdn-private.sm.cn/souti-imgs-lasting/866f53a0ada58f57f75c27300e115574.jpg
字看久了,https://cdn-private.sm.cn/souti-imgs-lasting/cover_gm_eda6f693a89ffc22b557a10e76ee298a.jpg,https://cdn-private.sm.cn/souti-imgs-lasting/049accd489d2d66f88b1c4b9afa0ba84.png,https://cdn-private.sm.cn/souti-imgs-lasting/049accd489d2d66f88b1c4b9afa0ba84.jpg
末尾添个0,https://cdn-private.sm.cn/souti-imgs-lasting/cover_gm_0d29a33ee25fd06272fe7217f08a96d1.jpg,https://cdn-private.sm.cn/souti-imgs-lasting/3a27a9f753bc29fe4d5c33e36d760f76.png,https://cdn-private.sm.cn/souti-imgs-lasting/3a27a9f753bc29fe4d5c33e36d760f76.jpg
和差之谜,https://cdn-private.sm.cn/souti-imgs-lasting/cover_gm_31dcfec7432783586d1f34ef9f4ef668.jpg,https://cdn-private.sm.cn/souti-imgs-lasting/e1247ac2b8182b3be10287c9de7947f7.png,https://cdn-private.sm.cn/souti-imgs-lasting/e1247ac2b8182b3be10287c9de7947f7.jpg
冰块为何浮,https://cdn-private.sm.cn/souti-imgs-lasting/cover_gm_feadaa0c97c6dcb037043f125d57fffe.jpg,https://cdn-private.sm.cn/souti-imgs-lasting/e13fc73fb70128e96262967abff96dd0.png,https://cdn-private.sm.cn/souti-imgs-lasting/e13fc73fb70128e96262967abff96dd0.jpg
房东房西,https://cdn-private.sm.cn/souti-imgs-lasting/cover_gm_a96ad31e8c799dc04bef76005bec3614.jpg,https://cdn-private.sm.cn/souti-imgs-lasting/bd1913af8942fba01c49b068f43ead0d.png,https://cdn-private.sm.cn/souti-imgs-lasting/bd1913af8942fba01c49b068f43ead0d.jpg
学富五车,https://cdn-private.sm.cn/souti-imgs-lasting/cover_gm_624cf2aef1bd6df29db39f723fd1b1d4.jpg,https://cdn-private.sm.cn/souti-imgs-lasting/3b18b45eb666981b1a8b52c1e7ec5088.png,https://cdn-private.sm.cn/souti-imgs-lasting/3b18b45eb666981b1a8b52c1e7ec5088.jpg
头发为啥卷,https://cdn-private.sm.cn/souti-imgs-lasting/cover_gm_219567e5511be961cda6c56660f5a503.jpg,https://cdn-private.sm.cn/souti-imgs-lasting/a19d4158b4b45a2cddfa3bc7ecd81dc1.png,https://cdn-private.sm.cn/souti-imgs-lasting/a19d4158b4b45a2cddfa3bc7ecd81dc1.jpg
鸡为啥吃沙,https://cdn-private.sm.cn/souti-imgs-lasting/cover_gm_885fc2867e5cab1ce73e01efba98cdd8.jpg,https://cdn-private.sm.cn/souti-imgs-lasting/8b8db794a6712306c6c158ea1cc991d9.png,https://cdn-private.sm.cn/souti-imgs-lasting/8b8db794a6712306c6c158ea1cc991d9.jpg
鱼能看到水,https://cdn-private.sm.cn/souti-imgs-lasting/cover_gm_0ff284ad2093773e9a8eb914b08fa85d.jpg,https://cdn-private.sm.cn/souti-imgs-lasting/2800a0ebc495371cfbb27ee5fbaa91d0.png,https://cdn-private.sm.cn/souti-imgs-lasting/2800a0ebc495371cfbb27ee5fbaa91d0.jpg
空腹别乱吃,https://cdn-private.sm.cn/souti-imgs-lasting/cover_gm_182c7450d102c9955c7ef90718499c13.jpg,https://cdn-private.sm.cn/souti-imgs-lasting/10338d2682f8a6be496cf55bd582eac3.png,https://cdn-private.sm.cn/souti-imgs-lasting/10338d2682f8a6be496cf55bd582eac3.jpg
剪刀石头布,https://cdn-private.sm.cn/souti-imgs-lasting/cover_gm_b5e4fb0044bd8e26d0ca6d1bfcd76e00.jpg,https://cdn-private.sm.cn/souti-imgs-lasting/8be6a1802b4a95b9dc3202c6ce084d7b.png,https://cdn-private.sm.cn/souti-imgs-lasting/8be6a1802b4a95b9dc3202c6ce084d7b.jpg
价格陷阱,https://cdn-private.sm.cn/souti-imgs-lasting/cover_gm_6d87fbc44ecb6c4bef26aee5869f1a15.jpg,https://cdn-private.sm.cn/souti-imgs-lasting/4f37530f40e62e4fca3365e3669bbf8c.png,https://cdn-private.sm.cn/souti-imgs-lasting/4f37530f40e62e4fca3365e3669bbf8c.jpg
头发去哪了,https://cdn-private.sm.cn/souti-imgs-lasting/cover_gm_a6e0d8342df81138c0c84dd4e6c6aafd.jpg,https://cdn-private.sm.cn/souti-imgs-lasting/a2c287e871c1ad19337536e225485f9e.png,https://cdn-private.sm.cn/souti-imgs-lasting/a2c287e871c1ad19337536e225485f9e.jpg
古代身份证,https://cdn-private.sm.cn/souti-imgs-lasting/cover_gm_7548746aa4b40519d1c433c1097ac873.jpg,https://cdn-private.sm.cn/souti-imgs-lasting/34550c0f6339643b7106ef6bf761d3d2.png,https://cdn-private.sm.cn/souti-imgs-lasting/34550c0f6339643b7106ef6bf761d3d2.jpg
蚊子吸血,https://cdn-private.sm.cn/souti-imgs-lasting/cover_gm_833b14f47ad72069749fd20bce8157a0.jpg,https://cdn-private.sm.cn/souti-imgs-lasting/214d72056cb9dd8c43d8b163e98675ed.png,https://cdn-private.sm.cn/souti-imgs-lasting/214d72056cb9dd8c43d8b163e98675ed.jpg
海洋歌唱家,https://cdn-private.sm.cn/souti-imgs-lasting/cover_gm_1ccc301f8e69658078efc9eb9d692dd5.jpg,https://cdn-private.sm.cn/souti-imgs-lasting/ea86e1321312fa58e9029902c3eae116.png,https://cdn-private.sm.cn/souti-imgs-lasting/ea86e1321312fa58e9029902c3eae116.jpg
变性别的鱼,https://cdn-private.sm.cn/souti-imgs-lasting/cover_gm_47873fa5a7691659710bee68c1d4f9e9.jpg,https://cdn-private.sm.cn/souti-imgs-lasting/e0fcbca1f949e37b0d9c6755873e897f.png,https://cdn-private.sm.cn/souti-imgs-lasting/e0fcbca1f949e37b0d9c6755873e897f.jpg
水面升降,https://cdn-private.sm.cn/souti-imgs-lasting/cover_gm_28cc7582b065c718351f49634d08e950.jpg,https://cdn-private.sm.cn/souti-imgs-lasting/e4ee44b5780f64ca1036e7427811cc01.png,https://cdn-private.sm.cn/souti-imgs-lasting/e4ee44b5780f64ca1036e7427811cc01.jpg
消失的1元,https://cdn-private.sm.cn/souti-imgs-lasting/cover_gm_79bda9f0f897e7e004af35ea49d1d237.jpg,https://cdn-private.sm.cn/souti-imgs-lasting/7bae2ea4e77ad145e773c5363def60f3.png,https://cdn-private.sm.cn/souti-imgs-lasting/7bae2ea4e77ad145e773c5363def60f3.jpg
倒立喝水,https://cdn-private.sm.cn/souti-imgs-lasting/cover_gm_0a498479caf47b5b597e1ae908f9b23b.jpg,https://cdn-private.sm.cn/souti-imgs-lasting/7ec34e2cf1f5b88be7c7b0ac6b36f000.png,https://cdn-private.sm.cn/souti-imgs-lasting/7ec34e2cf1f5b88be7c7b0ac6b36f000.jpg
狗偷东西,https://cdn-private.sm.cn/souti-imgs-lasting/cover_gm_152a43393882ab667db2184c0d8d22e7.jpg,https://cdn-private.sm.cn/souti-imgs-lasting/ebb4def09669c1b95ee18e2dcf86b598.png,https://cdn-private.sm.cn/souti-imgs-lasting/ebb4def09669c1b95ee18e2dcf86b598.jpg
水果视力,https://cdn-private.sm.cn/souti-imgs-lasting/cover_gm_6b06266fede4e6a6f544963f3f485727.jpg,https://cdn-private.sm.cn/souti-imgs-lasting/d13a9e6df21260ced9129d98e29ff9f0.png,https://cdn-private.sm.cn/souti-imgs-lasting/d13a9e6df21260ced9129d98e29ff9f0.jpg
宫保鸡丁,https://cdn-private.sm.cn/souti-imgs-lasting/cover_gm_27b4a59ff8cb2e7c1fc1ccc23a15a4b8.jpg,https://cdn-private.sm.cn/souti-imgs-lasting/33e96b46cd8f7d95793f98f48349df7d.png,https://cdn-private.sm.cn/souti-imgs-lasting/33e96b46cd8f7d95793f98f48349df7d.jpg
羊城五只羊,https://cdn-private.sm.cn/souti-imgs-lasting/cover_gm_fb7b135061118d4a14c69a7bc56be164.jpg,https://cdn-private.sm.cn/souti-imgs-lasting/c028deec4f912a78e006330a48275045.png,https://cdn-private.sm.cn/souti-imgs-lasting/c028deec4f912a78e006330a48275045.jpg
"毛病的""毛""",https://cdn-private.sm.cn/souti-imgs-lasting/cover_gm_ebea4a1042e122bc2d190b2e3578c785.jpg,https://cdn-private.sm.cn/souti-imgs-lasting/4e1c7af75a18b758348912b119db2d76.png,https://cdn-private.sm.cn/souti-imgs-lasting/4e1c7af75a18b758348912b119db2d76.jpg
数字换位,https://cdn-private.sm.cn/souti-imgs-lasting/cover_gm_811e9fb4084ba50dd55ce4ed071f19b1.jpg,https://cdn-private.sm.cn/souti-imgs-lasting/d95d4696832de802c2f9c807fe1d9bce.png,https://cdn-private.sm.cn/souti-imgs-lasting/d95d4696832de802c2f9c807fe1d9bce.jpg
李白没吃过,https://cdn-private.sm.cn/souti-imgs-lasting/cover_gm_a3954b35d104f35f6f584c7e2fb6f573.jpg,https://cdn-private.sm.cn/souti-imgs-lasting/21b23be5e46ff700dbca68a0be408440.png,https://cdn-private.sm.cn/souti-imgs-lasting/21b23be5e46ff700dbca68a0be408440.jpg
橡皮粘尺子,https://cdn-private.sm.cn/souti-imgs-lasting/cover_gm_f04166f30403330f4412641370692d68.jpg,https://cdn-private.sm.cn/souti-imgs-lasting/de816848d17d8848740fb5beb6f885d1.png,https://cdn-private.sm.cn/souti-imgs-lasting/de816848d17d8848740fb5beb6f885d1.jpg
"两湖之""湖""",https://cdn-private.sm.cn/souti-imgs-lasting/cover_gm_764146b47f6270549505165a0d23b700.jpg,https://cdn-private.sm.cn/souti-imgs-lasting/061cde70e2b28cae313f774a6cb5a910.png,https://cdn-private.sm.cn/souti-imgs-lasting/061cde70e2b28cae313f774a6cb5a910.jpg
烂醉如泥,https://cdn-private.sm.cn/souti-imgs-lasting/cover_gm_a3ded13c185a81fea63beba5c896096d.jpg,https://cdn-private.sm.cn/souti-imgs-lasting/19e6ac1ba1c89d764ede06e9e6b9ff42.png,https://cdn-private.sm.cn/souti-imgs-lasting/19e6ac1ba1c89d764ede06e9e6b9ff42.jpg
煎蛋不飞溅,https://cdn-private.sm.cn/souti-imgs-lasting/cover_gm_2691b4452a5fc74a33c19e2f54d70d6d.jpg,https://cdn-private.sm.cn/souti-imgs-lasting/3ff69de208f81b72a528b7f1f4d18136.png,https://cdn-private.sm.cn/souti-imgs-lasting/3ff69de208f81b72a528b7f1f4d18136.jpg
相机仿生,https://cdn-private.sm.cn/souti-imgs-lasting/cover_gm_2cce4a90d8827762dfb9b18f3356bf05.jpg,https://cdn-private.sm.cn/souti-imgs-lasting/cbbbc81b16d4e9288274a4f80bf477b1.png,https://cdn-private.sm.cn/souti-imgs-lasting/cbbbc81b16d4e9288274a4f80bf477b1.jpg
绿汤还红汤,https://cdn-private.sm.cn/souti-imgs-lasting/cover_gm_813954ced5f3e4891592fc9a5c3c5ce3.jpg,https://cdn-private.sm.cn/souti-imgs-lasting/f1c53f2171b11622aa66033bb8eff86b.png,https://cdn-private.sm.cn/souti-imgs-lasting/f1c53f2171b11622aa66033bb8eff86b.jpg
王婆卖瓜,https://cdn-private.sm.cn/souti-imgs-lasting/cover_gm_98e1beedfb5f2b3a29f8b5f346c3bbe7.jpg,https://cdn-private.sm.cn/souti-imgs-lasting/bf3865ad514445f4c96c54ecc61e0f32.png,https://cdn-private.sm.cn/souti-imgs-lasting/bf3865ad514445f4c96c54ecc61e0f32.jpg
瓦斯的气味,https://cdn-private.sm.cn/souti-imgs-lasting/cover_gm_5460c07b6db76d01eaa6c9c5d5ade1df.jpg,https://cdn-private.sm.cn/souti-imgs-lasting/297a618fcf53f71c7a7153b93a36187f.png,https://cdn-private.sm.cn/souti-imgs-lasting/297a618fcf53f71c7a7153b93a36187f.jpg
疯狗推理,https://cdn-private.sm.cn/souti-imgs-lasting/cover_gm_48d056fa9c1bb60821d4992958a48d60.jpg,https://cdn-private.sm.cn/souti-imgs-lasting/bf6b5ed37e2fad30fbcd4b38813195a3.png,https://cdn-private.sm.cn/souti-imgs-lasting/bf6b5ed37e2fad30fbcd4b38813195a3.jpg
苍蝇搓手,https://cdn-private.sm.cn/souti-imgs-lasting/cover_gm_165b5123bf032f4f9344e862038e2d55.jpg,https://cdn-private.sm.cn/souti-imgs-lasting/b1cc3a5f00d4202c76fb13d8d5737bbd.png,https://cdn-private.sm.cn/souti-imgs-lasting/b1cc3a5f00d4202c76fb13d8d5737bbd.jpg
馒头别急开,https://cdn-private.sm.cn/souti-imgs-lasting/cover_gm_d7d315be96f6586044880775ac4a2f47.jpg,https://cdn-private.sm.cn/souti-imgs-lasting/40ae4aa3d84c0e4467c170f4c158e9de.png,https://cdn-private.sm.cn/souti-imgs-lasting/40ae4aa3d84c0e4467c170f4c158e9de.jpg
蛛丝马迹,https://cdn-private.sm.cn/souti-imgs-lasting/cover_gm_21d90923e4f4ad7c9275b37a8e033eed.jpg,https://cdn-private.sm.cn/souti-imgs-lasting/2b4e4d2ba1cb0fcb77eeee83f2157605.png,https://cdn-private.sm.cn/souti-imgs-lasting/2b4e4d2ba1cb0fcb77eeee83f2157605.jpg
蜂蜜不变质,https://cdn-private.sm.cn/souti-imgs-lasting/cover_gm_5627bbe49ccc7194c54baa223c5d9601.jpg,https://cdn-private.sm.cn/souti-imgs-lasting/1678205b5667fb14b39038ca6f8eea88.png,https://cdn-private.sm.cn/souti-imgs-lasting/1678205b5667fb14b39038ca6f8eea88.jpg
蜗牛爬井,https://cdn-private.sm.cn/souti-imgs-lasting/cover_gm_624ec8405e8a7ae5051761f2fe676cb7.jpg,https://cdn-private.sm.cn/souti-imgs-lasting/3e0c647bbe4ec5d618aa026d1773c1e0.png,https://cdn-private.sm.cn/souti-imgs-lasting/3e0c647bbe4ec5d618aa026d1773c1e0.jpg
月亮跟着走,https://cdn-private.sm.cn/souti-imgs-lasting/cover_gm_5e2a5558486fad2ab10be7197f964475.jpg,https://cdn-private.sm.cn/souti-imgs-lasting/aa6b597e79e939fb7048ed0ad3d020fc.png,https://cdn-private.sm.cn/souti-imgs-lasting/aa6b597e79e939fb7048ed0ad3d020fc.jpg
防毒面具,https://cdn-private.sm.cn/souti-imgs-lasting/cover_gm_8929df28aca3f1ec5c3b781adb99c4d9.jpg,https://cdn-private.sm.cn/souti-imgs-lasting/b22105595f7e34daf99d47e42f36b785.png,https://cdn-private.sm.cn/souti-imgs-lasting/b22105595f7e34daf99d47e42f36b785.jpg
鸡的祖先,https://cdn-private.sm.cn/souti-imgs-lasting/cover_gm_b2a6c925434207e448b6df9a4f1c629e.jpg,https://cdn-private.sm.cn/souti-imgs-lasting/2bfea00bd6a9c3ed812ce71830de32b3.png,https://cdn-private.sm.cn/souti-imgs-lasting/2bfea00bd6a9c3ed812ce71830de32b3.jpg
黄粱一梦,https://cdn-private.sm.cn/souti-imgs-lasting/cover_gm_79cc7b4d071e2183bddf95251cb73d4c.jpg,https://cdn-private.sm.cn/souti-imgs-lasting/f6aa6adee9d9325f7bf9c957143af109.png,https://cdn-private.sm.cn/souti-imgs-lasting/f6aa6adee9d9325f7bf9c957143af109.jpg
人会放屁,https://cdn-private.sm.cn/souti-imgs-lasting/cover_gm_03de840f7d13b1784327c14c9499eb9d.jpg,https://cdn-private.sm.cn/souti-imgs-lasting/f106d71932edaf95fd16aef689add252.png,https://cdn-private.sm.cn/souti-imgs-lasting/f106d71932edaf95fd16aef689add252.jpg
肤色不同,https://cdn-private.sm.cn/souti-imgs-lasting/cover_gm_35c096092ff89ffed447ebf3c8335dae.jpg,https://cdn-private.sm.cn/souti-imgs-lasting/e2b5e5c44b8c66f0b89df4d4a4667215.png,https://cdn-private.sm.cn/souti-imgs-lasting/e2b5e5c44b8c66f0b89df4d4a4667215.jpg
说梦话,https://cdn-private.sm.cn/souti-imgs-lasting/cover_gm_6c5d98894726d38a06f80a8053030cd3.jpg,https://cdn-private.sm.cn/souti-imgs-lasting/de0e2cbd35f7a382f6fe4828c67abcfc.png,https://cdn-private.sm.cn/souti-imgs-lasting/de0e2cbd35f7a382f6fe4828c67abcfc.jpg
闻不到味道,https://cdn-private.sm.cn/souti-imgs-lasting/cover_gm_91fa0c6412816d5d8e93dd4ed36f9c1e.jpg,https://cdn-private.sm.cn/souti-imgs-lasting/41a68dc0bba3d254cd82e65c3a444b38.png,https://cdn-private.sm.cn/souti-imgs-lasting/41a68dc0bba3d254cd82e65c3a444b38.jpg
噩梦跑不动,https://cdn-private.sm.cn/souti-imgs-lasting/cover_gm_5087d088481554293be628287dc93580.jpg,https://cdn-private.sm.cn/souti-imgs-lasting/e8c8f2465788b1794b7b9f15a25cfb1a.png,https://cdn-private.sm.cn/souti-imgs-lasting/e8c8f2465788b1794b7b9f15a25cfb1a.jpg
嘴唇干裂,https://cdn-private.sm.cn/souti-imgs-lasting/cover_gm_f063e6c17997e6645441b4b9a6022830.jpg,https://cdn-private.sm.cn/souti-imgs-lasting/94493c4e72f984522660bc971ed27dbd.png,https://cdn-private.sm.cn/souti-imgs-lasting/94493c4e72f984522660bc971ed27dbd.jpg
双胞胎,https://cdn-private.sm.cn/souti-imgs-lasting/cover_gm_a178ffa7b115c43c251b2e9235e2d71c.jpg,https://cdn-private.sm.cn/souti-imgs-lasting/ecb3a704df19f807ebbd29a76081b474.png,https://cdn-private.sm.cn/souti-imgs-lasting/ecb3a704df19f807ebbd29a76081b474.jpg
吃完饭犯困,https://cdn-private.sm.cn/souti-imgs-lasting/cover_gm_ce0aadaac2db63fba7e9537916631224.jpg,https://cdn-private.sm.cn/souti-imgs-lasting/b19062dea2cabc54aaa220ca78b9f460.png,https://cdn-private.sm.cn/souti-imgs-lasting/b19062dea2cabc54aaa220ca78b9f460.jpg
吃甜食开心,https://cdn-private.sm.cn/souti-imgs-lasting/cover_gm_589ff445936cc64ea498c43e75248e3f.jpg,https://cdn-private.sm.cn/souti-imgs-lasting/a2e5506786a0494aeb7d152bc9f0d534.png,https://cdn-private.sm.cn/souti-imgs-lasting/a2e5506786a0494aeb7d152bc9f0d534.jpg
吃辣屁股疼,https://cdn-private.sm.cn/souti-imgs-lasting/cover_gm_ce006b702315c3ad03339ef33638dc87.jpg,https://cdn-private.sm.cn/souti-imgs-lasting/770bf48e0ca26ed741a218aeb1aae3b8.png,https://cdn-private.sm.cn/souti-imgs-lasting/770bf48e0ca26ed741a218aeb1aae3b8.jpg
哭流鼻涕,https://cdn-private.sm.cn/souti-imgs-lasting/cover_gm_87f88c48cc77275e974518882a8273b5.jpg,https://cdn-private.sm.cn/souti-imgs-lasting/1d53f541c346094185ded3a6625d8451.png,https://cdn-private.sm.cn/souti-imgs-lasting/1d53f541c346094185ded3a6625d8451.jpg
喝可乐打嗝,https://cdn-private.sm.cn/souti-imgs-lasting/cover_gm_24862ba84bfec934c5cf2e648005a304.jpg,https://cdn-private.sm.cn/souti-imgs-lasting/e6f6c08571ba925122e24650a3fd5ebf.png,https://cdn-private.sm.cn/souti-imgs-lasting/e6f6c08571ba925122e24650a3fd5ebf.jpg
牛奶拉肚子,https://cdn-private.sm.cn/souti-imgs-lasting/cover_gm_043503b2899ba14f275d24a4e2697dcf.jpg,https://cdn-private.sm.cn/souti-imgs-lasting/c4ef31e9b66b5cdfec9ec72915bb4ca5.png,https://cdn-private.sm.cn/souti-imgs-lasting/c4ef31e9b66b5cdfec9ec72915bb4ca5.jpg
大脑单曲循环,https://cdn-private.sm.cn/souti-imgs-lasting/cover_gm_b8ed6daac03122b2e9dab06e1b806a69.jpg,https://cdn-private.sm.cn/souti-imgs-lasting/416028de22873016983d5230e79c9f62.png,https://cdn-private.sm.cn/souti-imgs-lasting/416028de22873016983d5230e79c9f62.jpg
头发分叉,https://cdn-private.sm.cn/souti-imgs-lasting/cover_gm_3b5e9d85672bcd527d62924fa34a3eca.jpg,https://cdn-private.sm.cn/souti-imgs-lasting/6cb69145c4341cd343a9608ef02915f5.png,https://cdn-private.sm.cn/souti-imgs-lasting/6cb69145c4341cd343a9608ef02915f5.jpg
婴儿头顶软,https://cdn-private.sm.cn/souti-imgs-lasting/cover_gm_7b9f2f5d3bba8fcf9ee1f5379d916679.jpg,https://cdn-private.sm.cn/souti-imgs-lasting/ad61260a4aae617c25a89ab90f60de23.png,https://cdn-private.sm.cn/souti-imgs-lasting/ad61260a4aae617c25a89ab90f60de23.jpg
学东西脑疼,https://cdn-private.sm.cn/souti-imgs-lasting/cover_gm_cbe30f15adad3d1898800ee1ad5a8e4a.jpg,https://cdn-private.sm.cn/souti-imgs-lasting/5a9a96338c7814986ae9cb51418c09cc.png,https://cdn-private.sm.cn/souti-imgs-lasting/5a9a96338c7814986ae9cb51418c09cc.jpg
尿液发黄,https://cdn-private.sm.cn/souti-imgs-lasting/cover_gm_55a438e0d1f6272d2462ce134e2a71c8.jpg,https://cdn-private.sm.cn/souti-imgs-lasting/7cfada705bacafa096652460c9eb264f.png,https://cdn-private.sm.cn/souti-imgs-lasting/7cfada705bacafa096652460c9eb264f.jpg
总堵一鼻孔,https://cdn-private.sm.cn/souti-imgs-lasting/cover_gm_3d2d869b0252a4561ad2f6b44606cf2d.jpg,https://cdn-private.sm.cn/souti-imgs-lasting/828df274e455d1fa9d6ead1d7aad3d99.png,https://cdn-private.sm.cn/souti-imgs-lasting/828df274e455d1fa9d6ead1d7aad3d99.jpg
泡水手起皱,https://cdn-private.sm.cn/souti-imgs-lasting/cover_gm_9cf6514cdb1e0594959b21921ee26384.jpg,https://cdn-private.sm.cn/souti-imgs-lasting/9eaaab0b7b5f05e2f2aa414c1c71a202.png,https://cdn-private.sm.cn/souti-imgs-lasting/9eaaab0b7b5f05e2f2aa414c1c71a202.jpg
哈欠会传染,https://cdn-private.sm.cn/souti-imgs-lasting/cover_gm_7450e71d8fffa46a8eba10218c734476.jpg,https://cdn-private.sm.cn/souti-imgs-lasting/31fea0532638c6c4455e020d2de688a8.png,https://cdn-private.sm.cn/souti-imgs-lasting/31fea0532638c6c4455e020d2de688a8.jpg
早上更高,https://cdn-private.sm.cn/souti-imgs-lasting/cover_gm_4445fe4d10ac30135fad2a1b56488609.jpg,https://cdn-private.sm.cn/souti-imgs-lasting/2abeaac8b6cd65c2210876c42878061b.png,https://cdn-private.sm.cn/souti-imgs-lasting/2abeaac8b6cd65c2210876c42878061b.jpg
有人会过敏,https://cdn-private.sm.cn/souti-imgs-lasting/cover_gm_4e9ce73b69c0e14da8bc78e325f5f0d3.jpg,https://cdn-private.sm.cn/souti-imgs-lasting/b65383840effb15ba9883cac876be149.png,https://cdn-private.sm.cn/souti-imgs-lasting/b65383840effb15ba9883cac876be149.jpg
左撇子,https://cdn-private.sm.cn/souti-imgs-lasting/cover_gm_5ad2cae695095b16afde3633b4a60d2d.jpg,https://cdn-private.sm.cn/souti-imgs-lasting/83b8dbe89303936f84779db59f7b3352.png,https://cdn-private.sm.cn/souti-imgs-lasting/83b8dbe89303936f84779db59f7b3352.jpg
天生卷发,https://cdn-private.sm.cn/souti-imgs-lasting/cover_gm_b5d46ec75b2c58995655e0685631c81c.jpg,https://cdn-private.sm.cn/souti-imgs-lasting/611a0ebffe43dd6162a59d83e03b2e3b.png,https://cdn-private.sm.cn/souti-imgs-lasting/611a0ebffe43dd6162a59d83e03b2e3b.jpg
笑有酒窝,https://cdn-private.sm.cn/souti-imgs-lasting/cover_gm_053f0bc2543845640c2b2c7aba5deeb3.jpg,https://cdn-private.sm.cn/souti-imgs-lasting/a940b8cb516c86b065eaeb8261b02c67.png,https://cdn-private.sm.cn/souti-imgs-lasting/a940b8cb516c86b065eaeb8261b02c67.jpg
睡一觉满血,https://cdn-private.sm.cn/souti-imgs-lasting/cover_gm_3b47e54480684a2edebdbc54aa69f94f.jpg,https://cdn-private.sm.cn/souti-imgs-lasting/cdfe0ee9e571acdc7a07b5bb4c3dd3fd.png,https://cdn-private.sm.cn/souti-imgs-lasting/cdfe0ee9e571acdc7a07b5bb4c3dd3fd.jpg
结痂别抠,https://cdn-private.sm.cn/souti-imgs-lasting/cover_gm_39c5c99cc6c7ee46d5c69d7e6fd2ed38.jpg,https://cdn-private.sm.cn/souti-imgs-lasting/9ad48fbb64ee303d4652efc32c5a60db.png,https://cdn-private.sm.cn/souti-imgs-lasting/9ad48fbb64ee303d4652efc32c5a60db.jpg
挠自己不痒,https://cdn-private.sm.cn/souti-imgs-lasting/cover_gm_8ba6a4738a98710679790cb7ae1b7518.jpg,https://cdn-private.sm.cn/souti-imgs-lasting/32de16f67b47c913ca337dad34310979.png,https://cdn-private.sm.cn/souti-imgs-lasting/32de16f67b47c913ca337dad34310979.jpg
吓到会尖叫,https://cdn-private.sm.cn/souti-imgs-lasting/cover_gm_772bd5b5b0138a6b83c9885b51e8f690.jpg,https://cdn-private.sm.cn/souti-imgs-lasting/db9439d98e45d271816a451b9d21eae0.png,https://cdn-private.sm.cn/souti-imgs-lasting/db9439d98e45d271816a451b9d21eae0.jpg
时间变慢,https://cdn-private.sm.cn/souti-imgs-lasting/cover_gm_1de81ac9f0385d8a65feea3283271af6.jpg,https://cdn-private.sm.cn/souti-imgs-lasting/a556954a079531a155a658007445a3e1.png,https://cdn-private.sm.cn/souti-imgs-lasting/a556954a079531a155a658007445a3e1.jpg
记不住童年,https://cdn-private.sm.cn/souti-imgs-lasting/cover_gm_c0894e1c78ee4f406fcd17f3257b2159.jpg,https://cdn-private.sm.cn/souti-imgs-lasting/7e874ba08f9c007bdd9688373ce603ab.png,https://cdn-private.sm.cn/souti-imgs-lasting/7e874ba08f9c007bdd9688373ce603ab.jpg
越赖越累,https://cdn-private.sm.cn/souti-imgs-lasting/cover_gm_84f7501347f2207c58cba853e3845ac5.jpg,https://cdn-private.sm.cn/souti-imgs-lasting/3c812ab90c3d3316fb2aa3546aa246f5.png,https://cdn-private.sm.cn/souti-imgs-lasting/3c812ab90c3d3316fb2aa3546aa246f5.jpg
越想越忘不掉,https://cdn-private.sm.cn/souti-imgs-lasting/cover_gm_01df9f64091775eafc2b1cf595ea85de.jpg,https://cdn-private.sm.cn/souti-imgs-lasting/bd1d30350a89b984c943d6208c44d1ae.png,https://cdn-private.sm.cn/souti-imgs-lasting/bd1d30350a89b984c943d6208c44d1ae.jpg
跑步会岔气,https://cdn-private.sm.cn/souti-imgs-lasting/cover_gm_2198a5fa6a49dda22eb22bb0f92da65a.jpg,https://cdn-private.sm.cn/souti-imgs-lasting/b2ce029f3d9748b688ce405b8d37860b.png,https://cdn-private.sm.cn/souti-imgs-lasting/b2ce029f3d9748b688ce405b8d37860b.jpg
辣不是味道,https://cdn-private.sm.cn/souti-imgs-lasting/cover_gm_434136794aae4231876a1285d23fb92c.jpg,https://cdn-private.sm.cn/souti-imgs-lasting/0c3617afc5d7a1a15b20a9f4fec11a21.png,https://cdn-private.sm.cn/souti-imgs-lasting/0c3617afc5d7a1a15b20a9f4fec11a21.jpg
隔天才酸痛,https://cdn-private.sm.cn/souti-imgs-lasting/cover_gm_d9a21cf50a2c7d650929d87cb092c290.jpg,https://cdn-private.sm.cn/souti-imgs-lasting/23a01e90bc8998911d71b4e4685a3c9f.png,https://cdn-private.sm.cn/souti-imgs-lasting/23a01e90bc8998911d71b4e4685a3c9f.jpg
闹钟前先醒,https://cdn-private.sm.cn/souti-imgs-lasting/cover_gm_617b83624ff7257d8281a1c5bdced13f.jpg,https://cdn-private.sm.cn/souti-imgs-lasting/a46a4e6054fa9815ceb508ce723f804a.png,https://cdn-private.sm.cn/souti-imgs-lasting/a46a4e6054fa9815ceb508ce723f804a.jpg
饿过头不饿,https://cdn-private.sm.cn/souti-imgs-lasting/cover_gm_2fca35350908de4efdfb15b03a70199b.jpg,https://cdn-private.sm.cn/souti-imgs-lasting/fe5c3ebaafdb5b05c6ceb7494be97aeb.png,https://cdn-private.sm.cn/souti-imgs-lasting/fe5c3ebaafdb5b05c6ceb7494be97aeb.jpg
闭眼见烟花,https://cdn-private.sm.cn/souti-imgs-lasting/cover_gm_7b9bb199451f584c67679fdbacb44085.jpg,https://cdn-private.sm.cn/souti-imgs-lasting/7d65e5e5a5f2fbd6c33e01a06c49298b.png,https://cdn-private.sm.cn/souti-imgs-lasting/7d65e5e5a5f2fbd6c33e01a06c49298b.jpg
不能边吃边吸,https://cdn-private.sm.cn/souti-imgs-lasting/cover_gm_1671f0d9603c65dd644466d7e6eeef48.jpg,https://cdn-private.sm.cn/souti-imgs-lasting/e5a23efca421bb3faeca58700da24f8d.png,https://cdn-private.sm.cn/souti-imgs-lasting/e5a23efca421bb3faeca58700da24f8d.jpg
憋笑更想笑,https://cdn-private.sm.cn/souti-imgs-lasting/cover_gm_fa1c8326bc04f89a86768e6dee60f10f.jpg,https://cdn-private.sm.cn/souti-imgs-lasting/22635e274eb51ac176052a2bbc3c88ad.png,https://cdn-private.sm.cn/souti-imgs-lasting/22635e274eb51ac176052a2bbc3c88ad.jpg
人不能再生,https://cdn-private.sm.cn/souti-imgs-lasting/cover_gm_9a0d0e40a20b37d921598163d9a462bf.jpg,https://cdn-private.sm.cn/souti-imgs-lasting/fcde4ac0b3fb47e7a13997a7db1ebc45.png,https://cdn-private.sm.cn/souti-imgs-lasting/fcde4ac0b3fb47e7a13997a7db1ebc45.jpg
幻觉手机震,https://cdn-private.sm.cn/souti-imgs-lasting/cover_gm_c2241824aaeb5a76386afad04b485b7d.jpg,https://cdn-private.sm.cn/souti-imgs-lasting/34c8e5482545c7367ae55b269af1b3da.png,https://cdn-private.sm.cn/souti-imgs-lasting/34c8e5482545c7367ae55b269af1b3da.jpg
录音不像我,https://cdn-private.sm.cn/souti-imgs-lasting/cover_gm_49d64155230edf1f46616033c7b83dd5.jpg,https://cdn-private.sm.cn/souti-imgs-lasting/99fd7fe728b53a484667f1c82f167054.png,https://cdn-private.sm.cn/souti-imgs-lasting/99fd7fe728b53a484667f1c82f167054.jpg
为啥会晕车,https://cdn-private.sm.cn/souti-imgs-lasting/cover_gm_6524d9f07cdd30d8535f336b9993f690.jpg,https://cdn-private.sm.cn/souti-imgs-lasting/3557a3925f70caae3c4fe37398a24dab.png,https://cdn-private.sm.cn/souti-imgs-lasting/3557a3925f70caae3c4fe37398a24dab.jpg
鬼压床,https://cdn-private.sm.cn/souti-imgs-lasting/cover_gm_e12f01b707388b9ea25bf7972a9c0a12.jpg,https://cdn-private.sm.cn/souti-imgs-lasting/4c90b31b0b2c0dd87460ca87ca464166.png,https://cdn-private.sm.cn/souti-imgs-lasting/4c90b31b0b2c0dd87460ca87ca464166.jpg
肚子咕咕叫,https://cdn-private.sm.cn/souti-imgs-lasting/cover_gm_d32eeb15aa00080e97bd43d3e5eddac2.jpg,https://cdn-private.sm.cn/souti-imgs-lasting/c5bd680026a298d2531feee78abee1f3.png,https://cdn-private.sm.cn/souti-imgs-lasting/c5bd680026a298d2531feee78abee1f3.jpg
谁偷走梦,https://cdn-private.sm.cn/souti-imgs-lasting/cover_gm_a4c9c6a14e340aa68ab7561b02431688.jpg,https://cdn-private.sm.cn/souti-imgs-lasting/61783472abd52bbb5595f0417a2b8a79.png,https://cdn-private.sm.cn/souti-imgs-lasting/61783472abd52bbb5595f0417a2b8a79.jpg
夜里会翻身,https://cdn-private.sm.cn/souti-imgs-lasting/cover_gm_699ea6d3610c21eb679f52cfd761f8ca.jpg,https://cdn-private.sm.cn/souti-imgs-lasting/bdbfceabea6083af8e43dfafeee240e1.png,https://cdn-private.sm.cn/souti-imgs-lasting/bdbfceabea6083af8e43dfafeee240e1.jpg
蹲久眼发黑,https://cdn-private.sm.cn/souti-imgs-lasting/cover_gm_c86d82648f27b78a377ca047a7e05b35.jpg,https://cdn-private.sm.cn/souti-imgs-lasting/6e660c389f14a7122cd873a6891b7c7c.png,https://cdn-private.sm.cn/souti-imgs-lasting/6e660c389f14a7122cd873a6891b7c7c.jpg
