guid,序号,课文标题,故事类型,故事含义,课文正文,故事寓意道理,内容类型,上线TAB,内容性质,一句话介绍,学名·确认版,钩子·确认版,url·确认版
9e9851ae22fc4bd1ad2fdc19337b624a,1,郑人买履,成语故事,比喻做事死板教条，只相信书本不相信实际。,郑国有一个人想买一双新鞋子。出门之前他非常认真地用一根绳子量好了自己脚的尺寸，然后把绳子小心翼翼地放在座位上就出发了。他走了很远的路来到集市上，找到了一家鞋店，挑了一双很满意的鞋子。正要买的时候他一摸口袋，发现忘了把那根量好尺寸的绳子带来了。他赶紧对鞋店老板说：'等等，我忘了带尺寸了，我得回家去拿。'说完他急匆匆地往家跑。等他气喘吁吁地拿着绳子赶回集市的时候，集市早就散了，鞋店也关了门，鞋子当然没买成。旁边的人知道了这件事非常不解地问他：'你为什么不直接用自己的脚去试穿鞋子呢？'那个人一本正经地回答说：'我宁可相信量好的尺寸，也不相信自己的脚。',做事要从实际出发，灵活变通。不能迷信教条和书本知识而忽视了最直接的客观事实。,故事,趣学成语,新增内容,宁可相信尺码也不信自己的脚？,郑人买履,宁可信尺码，也不信脚？,https://cdn-private.sm.cn/souti-imgs-lasting/cover_gm_86b639b69c723cee139bb775567703ee.jpg
00d42b5c0d7c44c7915eb5bce3078cd1,2,叶公好龙,成语故事,比喻口头上说喜欢某事物，实际上并不是真的喜欢。,春秋时期有一位楚国的贵族叫叶公，他特别喜欢龙。他家里到处都装饰着龙的图案——墙上画着龙，柱子上刻着龙，窗户上雕着龙，就连衣服上、被子上都绣着龙。他逢人就说：'我最喜欢龙了！龙是世界上最威武最美丽的神物！'天上的真龙听到了叶公对自己的热爱非常感动，心想：'人间居然有这么喜欢我的人，我应该下去看看他，让他高兴高兴。'于是真龙驾着祥云从天而降，来到叶公的家中。真龙把头伸进窗户里看叶公，把尾巴搭在了客厅的地板上。叶公一看到真龙，顿时吓得魂飞魄散、面如土色，撒腿就跑，连鞋子都跑掉了。原来叶公喜欢的并不是真正的龙，而是那些画在墙上、刻在柱子上的假龙。,口头上的喜爱和真正的热爱是两回事。做人要表里如一，不能像叶公好龙一样言行不一。,故事,趣学成语,新增内容,他说爱龙，真龙来了却吓跑,叶公好龙,天天喊爱龙，真龙来了却跑？,https://cdn-private.sm.cn/souti-imgs-lasting/cover_gm_0fbbad1d8a25b2108c692c88ebd861d1.jpg
41241af353e642ae806db488c7e389e1,3,邯郸学步,成语故事,比喻模仿别人不成，反而丧失了自己原有的本领。,战国时期，赵国的都城邯郸是当时最繁华的城市之一，那里的人们走路的姿态特别优美潇洒，天下闻名。燕国有一个年轻人听说邯郸人走路好看极了，非常羡慕，下定决心要到邯郸去学习他们走路的姿势。他千里迢迢来到邯郸后，一上街就开始仔细观察当地人走路的样子——年轻人走路轻快有力他就学，老年人走路稳重大方他也学，女人走路婀娜多姿他还学。他一会儿学这个人的步伐，一会儿学那个人的摆臂，一会儿又换一种新的走法。学了好几个月，邯郸人走路的姿势他一种也没有学会，因为每种刚学一点就换另一种了。更糟糕的是，由于他太久没有用自己原来的走路方式了，竟然把自己原来怎么走路都忘记了。最后这个可怜的年轻人既不会邯郸人的步法也不会自己的步法，只好手脚并用爬着回了燕国。,学习别人的长处是好事，但不能盲目模仿、丢掉自己的特长。要在保持自我的基础上取长补短。,故事,趣学成语,新增内容,学别人走路，结果连自己都不会走,邯郸学步,丢了自己，才最得不偿失,https://cdn-private.sm.cn/souti-imgs-lasting/cover_gm_270f10355422146fd0ad69d01abe5e98.jpg
d3d01caaf53f40ee98b63c08411feb75,4,朝三暮四,成语故事,比喻用手段欺骗人，也比喻反复无常、变来变去。,战国时期，宋国有一个养猴子的老人，人们叫他狙公。他非常喜欢猴子，家里养了一大群猴子。日子久了他不但能听懂猴子的叫声，猴子也能理解他说的话。可是养这么多猴子要花很多钱买食物，狙公的家境越来越困难。于是他想减少猴子们每天吃的橡子数量。他对猴子们说：'从今天开始，我每天早上给你们三颗橡子，晚上给四颗，好不好？'猴子们一听早上只有三颗，都非常生气，呲牙咧嘴地叫了起来，表示不满。狙公连忙改口说：'那好吧好吧，别生气！我换个办法——早上给你们四颗，晚上给三颗，这样行了吧？'猴子们一听早上变成了四颗，比刚才多了一颗，顿时高兴得又蹦又跳。其实呢，不管是朝三暮四还是朝四暮三，总数都是七颗橡子，根本没有任何变化。,看问题要看本质，不要被表面的变化所迷惑。要善于透过现象看清事物的实质，不被花招所骗。,故事,趣学成语,新增内容,猴子被数字骗了，你呢？,朝三暮四,别被表面的变化骗了,https://cdn-private.sm.cn/souti-imgs-lasting/cover_gm_fb61a8797b3c56d18a9c002c0cef8cb5.jpg
2912963ce773483aac27bb2fea6a5a49,5,杞人忧天,成语故事,比喻不必要的担忧，为不可能发生的事情而焦虑。,古代杞国有一个人，他每天都在担心一件事——天会不会塌下来、地会不会陷下去。他越想越害怕，白天吃不下饭，晚上睡不着觉，整天愁眉苦脸、唉声叹气，身体也越来越瘦弱。他的一个朋友看他这样非常心疼，就来开导他。朋友说：'天就是大气积聚在一起形成的啊，到处都是气体，你每天呼吸、走路、伸胳膊蹬腿，不都是在天里面活动吗？天怎么可能塌下来呢？'这个人又问：'那日月星辰挂在天上，会不会掉下来呢？'朋友说：'日月星辰也是天上的气体在发光，就算掉下来也不会伤到你。'这个人又问：'那地会不会陷下去呢？'朋友说：'地是由土块堆积而成的，到处都是实实在在的土地，你每天在上面走来走去不是好好的吗？地怎么会陷下去呢？'这个人听了终于放下心来，不再担忧了。,不要为不必要的事情过度焦虑和担忧。杞人忧天只会自寻烦恼，遇事要理性分析，不庸人自扰。,故事,趣学成语,新增内容,天不会塌，但你真的不用担心吗？,杞人忧天,天真的会塌下来吗？,https://cdn-private.sm.cn/souti-imgs-lasting/cover_gm_9fe85e0003ffe178b1dbf9c963a19bc0.jpg
56ff1bd9bda54301a7dd8d405d641dd7,6,杯弓蛇影,成语故事,比喻疑神疑鬼，自己吓唬自己。,东汉时期，有一位官员请朋友到家里来喝酒。两人坐在客厅里对饮，聊得很开心。朋友端起酒杯正要喝的时候，突然看到酒杯里有一条弯弯曲曲的东西，看起来很像一条蛇。他心里一惊，心想：'天哪，酒杯里怎么会有蛇？'可是碍于面子又不好意思不喝，就硬着头皮把酒喝了下去。回到家后他越想越害怕：'我把蛇也一起喝下去了！'从那以后他就开始恶心、呕吐，觉得肚子里好像真的有条蛇在乱窜。他吃不下饭也睡不好觉，整天提心吊胆，身体越来越差，看了好多医生都治不好。请客的那位朋友听说后来看他，了解了原因后笑着说：'你跟我来，我让你看看那条蛇到底是什么。'他把朋友带到上次喝酒的房间，坐在同样的位置，倒上一杯酒。朋友低头一看——杯中果然又有一条'蛇'。再抬头一看，原来是墙上挂着的一张弓的倒影映在了酒杯里。真相大白，朋友的病立刻就好了。,很多恐惧都是自己想象出来的。遇到疑惑要冷静调查真相，不要疑神疑鬼、自己吓唬自己。,故事,趣学成语,新增内容,酒杯里的蛇竟然是……,杯弓蛇影,酒杯里的蛇，到底从哪来？,https://cdn-private.sm.cn/souti-imgs-lasting/cover_gm_1753ae3084b118845e2dda79c446a88b.jpg
5247ce97ca0141908e83c6aec4749394,7,螳螂捕蝉,成语故事,比喻只看到眼前利益而忽略了身后的危险。,春秋时期，吴王准备攻打楚国，并且下了死令说谁反对就杀谁。大臣们虽然都觉得不妥但不敢开口。吴王身边有一个年轻的侍从想了一个巧妙的办法来劝谏。第二天一大早他拿着弹弓在花园里转来转去，露水打湿了他的衣服他也不在乎。连续三天都是如此。吴王好奇地问他在干什么。年轻人说：'大王您看，花园里有一棵大树，树上有一只蝉正在高声歌唱、喝着露水，非常快乐。可是它不知道，在它身后有一只螳螂正举着两把大刀悄悄靠近想要吃掉它。螳螂一心想抓蝉，可它也不知道，在它身后有一只黄雀正伸长了脖子准备啄它。黄雀一心想吃螳螂，可它也不知道我正拿着弹弓瞄准它呢！它们一个个都只顾着眼前的利益，却不知道自己身后也有危险啊。'吴王一听，明白了年轻人的意思，决定取消了攻打楚国的计划。,做事不能只看眼前利益，要瞻前顾后、考虑全局。贪图小利往往会让自己陷入更大的危险之中。,故事,趣学成语,新增内容,只顾眼前猎物，身后危险已至！,螳螂捕蝉,只顾眼前，危险已在身后,https://cdn-private.sm.cn/souti-imgs-lasting/cover_gm_36731dc0d6f3a97f1f972b15e27aa7e4.jpg
9de843a3d30e4c108654a3a4a00d81f1,8,疑邻盗斧,成语故事,比喻主观成见太强，以主观想法来判断事物。,从前有一个人丢了一把斧头。他在院子里、柴房里、田地里到处找都找不到，心里非常着急。他怀疑是隔壁邻居家的小孩偷了他的斧头。从那以后他就开始注意观察这个孩子的一举一动。他越看越觉得可疑——那孩子走路的姿势鬼鬼祟祟的，好像做贼心虚的样子；那孩子说话的语气吞吞吐吐的，好像在隐瞒什么秘密；那孩子的眼神闪闪躲躲的，好像不敢和人对视。总之在他眼里，这个孩子从头到脚、一言一行都像是一个偷了斧头的小偷。过了几天，这个人到山上去砍柴，无意间在一个山谷的石头缝里发现了自己丢的那把斧头——原来是他上次砍柴的时候自己遗落在那里的。他找到斧头回到家后，再看那个邻居家的孩子，怎么看都不像是小偷了——走路的姿势很正常，说话也很大方，眼神也很坦然。,不要带着主观偏见去看待事物和人。先入为主的想法会扭曲我们的判断，要客观公正地看待问题。,故事,趣学成语,新增内容,丢斧之后，看谁都像贼,疑邻盗斧,心里有了成见，眼睛就会骗你,https://cdn-private.sm.cn/souti-imgs-lasting/cover_gm_f934b2779b86553f8ca14efc5e99c70d.jpg
2f081c6ff784456985f2ac99c571f9bb,9,削足适履,成语故事,比喻不顾实际情况，强行凑合，生搬硬套。,古代有一个人在集市上看中了一双非常漂亮的鞋子。他喜欢得不得了，二话不说就买了下来。可是回到家里一试穿，才发现这双鞋子太小了，他的脚根本塞不进去。一般人遇到这种情况肯定会回去换一双合脚的鞋子，或者干脆退掉。可是这个人偏偏不这么想，他觉得这双鞋子太漂亮了，舍不得换掉。于是他做出了一个荒唐的决定——与其换鞋子不如把脚变小！他居然拿起一把刀来削自己的脚，硬是要把脚削小到能塞进鞋子里去。结果可想而知，他的脚被削得鲜血直流、疼痛难忍，不但穿不了漂亮鞋子，连正常走路都困难了。,做事要从实际出发，不能本末倒置。应该改变方法来适应实际情况，而非牺牲事实来迁就方法。,故事,趣学成语,新增内容,鞋小了不换鞋，反而削脚？,削足适履,为穿新鞋，他举刀削向脚,https://cdn-private.sm.cn/souti-imgs-lasting/cover_gm_19c1c539f8fe49bbc9c8885c505cc1b2.jpg
a3ec744a05194cdfbb913316ac6b70b1,10,井底之蛙,成语故事,比喻见识短浅的人，只看到自己头上的一片天。,在一口又深又暗的枯井里，住着一只青蛙。这只青蛙从出生起就一直住在井里，从来没有出去过。它每天的活动就是在井底跳来跳去、在井壁上爬上爬下。抬头看天的时候，它只能看到井口那么大的一片天空。它觉得自己的家又宽敞又舒适，心想：'我的世界多好啊！想跳就在井底跳，想游就在井水里游，想爬就在井壁上爬，自由自在。天就这么大，天下的水就这么多，我觉得很满足了。'有一天，一只来自东海的大鳖路过井边，青蛙得意地向它炫耀自己的家。大鳖听完后说：'你知道东海有多大吗？用千里来量都量不完它的宽度，用千尺来量都量不完它的深度。即使发了十年大洪水海水也不见涨多少，即使大旱十年海水也不见少多少。住在大海里那才叫真正的快乐呢！'青蛙听了惊得目瞪口呆。,不要做井底之蛙。要走出自己的小天地，见识更广阔的世界，才能开阔眼界、拓宽格局。,故事,趣学成语,新增内容,井口大的天就是全世界？,井底之蛙,走出去，天比想象的大,https://cdn-private.sm.cn/souti-imgs-lasting/cover_gm_fd311ed109cee379d2be8cd6c54d0160.jpg
6c03c957b8de4e6ebadfcd3ace4bae7f,11,画饼充饥,成语故事,比喻用空想来安慰自己，不能解决实际问题。,从前有一个人肚子饿得咕咕叫，可是身上没有钱、家里也没有食物。他饿得头昏眼花、四肢无力，坐在地上发呆。他想啊想啊，突然灵机一动，找来一根树枝在地上画了一张又大又圆的烙饼。他把这张'饼'画得非常逼真——金黄色的饼面、酥脆的边缘，还画上了热腾腾的蒸汽和香喷喷的芝麻。画完以后他就盯着地上的烙饼看，想象着自己正在吃这张香喷喷的大饼，嘴巴还不由自主地嚼了几下。他幻想着饼的香味飘进了鼻子，幻想着咬一口饼的那种满足感。可是幻想归幻想，画出来的饼终究是画在地上的，他看了半天、想了半天肚子还是饿得咕咕叫，一点也没有饱的感觉。因为画出来的饼是假的，不能真的拿来填饱肚子啊！,空想解决不了实际问题。遇到困难要采取实际行动，而不是靠幻想来自我安慰和自我欺骗。,故事,趣学成语,新增内容,画个大饼就不饿了？,画饼充饥,地上画个饼，肚子就能饱？,https://cdn-private.sm.cn/souti-imgs-lasting/cover_gm_2d072689522225a1d2f00e06cecd2701.jpg
f247da880a1d42bab01af0b2cc86fbe9,12,一叶障目,成语故事,比喻被局部的表象所蒙蔽，看不到事物的全貌和本质。,楚国有一个穷书生，有一天他在一本古书上读到一段话说：'螳螂在捕蝉的时候，会用一片叶子遮住自己的身体，这样就能隐身让蝉看不到自己。'这个书生兴奋极了，心想：'如果我能找到这样一片叶子，不就可以隐身了吗？那我就能想要什么就拿什么了！'于是他跑到树林里找了好几天，终于找到一只螳螂正用一片叶子遮着身子捕蝉。他高兴地把那片叶子摘下来，举在自己眼前。然后他问妻子：'你能看到我吗？'妻子说：'当然看到了。'他换个角度再举，又问：'现在呢？'妻子被问烦了随口说：'看不到了。'书生如获至宝，拿着叶子跑到集市上，举着叶子挡在脸前就去拿别人摊位上的东西。结果当场就被人家抓住了，送到县衙审讯。县令听了他的理由后笑得不行，最后看他实在愚蠢就放了他。,不要被片面的信息或表象所蒙蔽。看问题要全面客观，盲信书本、自欺欺人只会闹笑话。,故事,趣学成语,新增内容,一片树叶就能让人隐身？,一叶障目,一片树叶，真能让人隐身？,https://cdn-private.sm.cn/souti-imgs-lasting/cover_gm_82c5e6c4ca1cec4069d0f6bb92ae0843.jpg
7b2f1416e2734ad597d2c5ee2a025a7d,13,纸上谈兵,成语故事,比喻空谈理论，不能解决实际问题，不联系实际。,战国时期赵国有一位大将军叫赵奢，他英勇善战，立下过赫赫战功。赵奢的儿子赵括从小就熟读兵书，对各种军事理论和作战策略倒背如流。每次谈论起军事问题来头头是道、口若悬河，就连他的父亲赵奢有时候在理论辩论上都说不过他。但是赵奢并不因此高兴，反而忧心忡忡地对妻子说：'打仗是关乎生死存亡的大事，括儿却把它说得如此轻松简单。他只会纸上谈兵，没有实战经验，如果将来让他指挥军队必定要吃大亏。'后来秦赵在长平交战，赵王不顾众人反对让赵括代替老将廉颇担任主帅。赵括到了前线后完全按照兵书上的理论来指挥作战，不懂得根据战场上的实际情况灵活变通。结果被秦将白起设下埋伏包围，四十万赵军全军覆没，赵括自己也战死沙场。,理论必须和实践相结合。只会纸上谈兵而不懂实际操作是危险的，真正的能力来自于实践经验。,故事,趣学成语,新增内容,兵书倒背如流，上战场却不行,纸上谈兵,兵书倒背如流，就能打胜仗？,https://cdn-private.sm.cn/souti-imgs-lasting/cover_gm_167ea12f55eafb2a76815bffa8048ffe.jpg
068cf50285264331b191a381afcbff45,14,高山流水,成语故事,比喻知音难觅，知己之间心意相通的深厚友情。,春秋时期，楚国有一位叫俞伯牙的人，他的琴弹得非常好，当时几乎无人能比。可是他总觉得缺少一个真正能听懂自己琴声的人。有一天伯牙在山间弹琴，一个叫钟子期的樵夫路过。伯牙弹琴时心中想着巍峨的高山，子期听了赞叹说：'好啊，巍峨高耸就像泰山一样！'伯牙心中又想着流水，子期又说：'好啊，浩浩荡荡就像江河一样！'不管伯牙心中想什么，子期都能准确无误地听出来。伯牙激动万分，终于找到了一位真正理解自己的知音啊！两人结为挚友，约定来年再相见。可惜一年后伯牙如约前来时却得知子期已经去世了。伯牙悲痛欲绝，他来到子期的坟前弹奏了最后一曲，然后将心爱的琴摔碎在子期墓前，从此终身不再弹琴，因为世上再没有人配听他的琴声了。,知音难得，真正理解自己的人非常珍贵。要珍惜身边懂你的人，珍重难得的真挚友情。,故事,趣学成语,新增内容,琴声里藏着的知音，千金难求,高山流水,懂你的人，比千金还难得,https://cdn-private.sm.cn/souti-imgs-lasting/cover_gm_d28b8bd55aeadd8ba471bbd39d7281c8.jpg
bafff03095a7498791fda024da149724,15,鹏程万里,成语故事,比喻前程远大，未来充满无限可能。,庄子在他的名篇《逍遥游》中描写了一种叫鹏的巨鸟。在遥远的北海深处有一条巨大无比的鱼叫鲲，它的身体有好几千里长。有一天这条大鱼化身为一只巨大的鸟叫鹏。鹏的背就像泰山一样宽广，它的翅膀张开来就像遮天蔽日的巨大云彩。当大风来临的时候，鹏振翅高飞，翅膀拍打出来的气流卷起三千丈高的巨浪。它乘着旋风盘旋而上，飞到九万里的高空之上。从那么高的地方往下看，地面上的一切都变得渺小如蝼蚁。然后大鹏鸟从北海起飞，向着南方的天池飞去——它的目标是万里之遥的南海。途中那些小鸟小雀看到大鹏飞得那么高那么远，嘲笑说：'何必飞那么远呢？我们在树枝间飞来飞去不也挺好的吗？'可它们又哪里能理解大鹏鸟的鹏程万里之志呢？,人要有远大的抱负和志向，像大鹏鸟一样志存高远、展翅高飞。格局决定了人生的高度。,故事,趣学成语,新增内容,大鹏一飞就是几万里,鹏程万里,志向有多大，天地就有多宽,https://cdn-private.sm.cn/souti-imgs-lasting/cover_gm_1f94662537d8d4e5ef1656f21c741a1d.jpg
f5e2f88a405e4110bea9d3a20a434338,16,守株待兔,成语故事,比喻不主动努力，心存侥幸，希望得到意外的收获。,战国时期，宋国有一个农夫，每天都在田里辛勤劳作。有一天，他正在田间干活，突然一只兔子从远处飞快地跑来，一头撞在田边的一个树桩上，当场撞断脖子死了。农夫白白捡了一只又肥又大的兔子，高兴极了。他把兔子带回家美美地吃了一顿，心想：'要是每天都能捡到一只兔子该多好啊！何必辛辛苦苦种庄稼呢？'从第二天开始，这个农夫就放下了锄头，整天坐在那个树桩旁边，眼巴巴地等着再有兔子来撞死。他等了一天又一天，日子一天天过去了，再也没有兔子来撞树桩。他的田地因为长期没人打理，杂草丛生，庄稼全都荒废了。到了秋天，别人家都在收获粮食，他却两手空空，既没等到兔子，也没了庄稼，成了宋国人的笑话。,不能把偶然发生的事当作常规。不劳而获的想法是不可取的，只有踏踏实实努力才能有收获。,故事,趣学成语,新增内容,等兔子撞树？别做梦了！,守株待兔,坐着等，就能天天捡兔子？,https://cdn-private.sm.cn/souti-imgs-lasting/cover_gm_ba5f724720300cfd3c48fa3a375954b7.jpg
cb9ca332415d4f058d95383fa47d6053,17,坐井观天,成语故事,比喻眼界狭小，见识有限，看问题片面。,从前有一只青蛙，从出生起就一直住在一口枯井里。它每天抬头看天，只能看到井口那么大的一片天空。它觉得天空就这么小，非常满足。有一天，一只大海龟路过这口井，在井边歇脚。青蛙看到海龟就得意地说：'你看我这里多好啊，我想跳就跳，想游就游，多自在！你住在哪里啊？'海龟笑了笑说：'我住在东海里。东海有多大呢？用千里的距离都量不出它的广阔，用千尺的深度都测不到它的底。不管是洪水还是干旱，海水都不会有什么变化。住在大海里，那才叫真正的快乐呢！'青蛙听了，张大嘴巴半天说不出话来，这才知道自己的世界原来这么渺小。,不能像井底之蛙一样目光短浅。要走出去见识更广阔的世界，多看多学，才能开阔眼界。,故事,趣学成语,新增内容,青蛙说天只有井口大，你信吗？,坐井观天,天，真的只有井口那么大？,https://cdn-private.sm.cn/souti-imgs-lasting/cover_gm_acc2dab816cb53e6d0a5c78a37c844c5.jpg
0a570a7f87b84a7babf40006f3f6c548,18,揠苗助长,成语故事,比喻违反事物的发展规律，急于求成，反而坏事。,古时候，宋国有个农夫，他在田里种了一片稻苗。他每天都到田边去看，总觉得稻苗长得太慢了，心里非常着急。他天天对着田里的禾苗发愁：'怎样才能让它们长得快一点呢？'有一天，他终于想到了一个办法。他跑到田里，弯下腰把每一棵禾苗都往上拔高了一截。从早上一直忙到太阳下山，累得筋疲力尽，腰都直不起来了。他拖着疲惫的身子回到家里，擦着汗对家人说：'今天可把我累坏了，不过总算没白干——我帮田里的禾苗都长高了一大截呢！'他的儿子听了觉得很奇怪，赶紧跑到田里去看。到了田边一看，那些禾苗不但没有长高，反而全都枯萎死掉了，因为根都被拔断了。农夫得知后后悔不已，但已经来不及了。,做事要遵循自然规律，不能急于求成。欲速则不达，过度干预反而会把事情搞砸。,故事,趣学成语,新增内容,拔高禾苗后会发生什么？,揠苗助长,把苗拔高，它就长得快？,https://cdn-private.sm.cn/souti-imgs-lasting/cover_gm_25533a416f31533f892d588bbcb30d7d.jpg
45d2fca32c634205a6dbd4399b33db56,19,掩耳盗铃,成语故事,比喻自己欺骗自己，明明掩盖不了的事情偏要设法掩盖。,春秋时期，有个人看到邻居家门口挂着一口漂亮的大铜钟，非常喜欢，就想把它偷回家。可是这口钟太大太重了，搬不动。他想了想，决定用锤子把钟敲碎，然后一块一块搬回家。他找来锤子，使劲朝钟砸了一下，'当——'的一声，钟发出了巨大的响声，把他吓了一大跳。他赶紧捂住自己的耳朵，心想：'糟了，这钟声别人肯定也听到了！不行，我得想个办法让钟声别传出去。'他灵机一动，心想：'钟声之所以传出去，是因为耳朵能听到啊。只要我把耳朵堵住，不就听不到钟声了吗？'于是他找来两团棉花塞在自己耳朵里，然后放心大胆地砸起钟来。'当当当'的钟声传得老远老远，邻居们都跑来了，当场把他抓了个正着。他捂住了自己的耳朵，可是别人的耳朵并没有被捂住啊！,自欺欺人是愚蠢的行为。客观事实不会因为你不愿面对就不存在。,故事,趣学成语,新增内容,捂住自己耳朵偷铃铛，谁听不见？,掩耳盗铃,捂住耳朵，钟声就传不出去？,https://cdn-private.sm.cn/souti-imgs-lasting/cover_gm_b755a28a2154285bbee04a5081a375bf.jpg
6d199a78878241c1a0138195a415e8d6,20,狐假虎威,成语故事,比喻借助别人的威势来欺压人。,在一片茂密的森林里，老虎是最凶猛的动物，所有的小动物都怕它。有一天，一只饥饿的老虎在森林里转来转去找食物，一眼看到了一只狐狸。老虎猛地扑上去，一把就把狐狸抓住了。狐狸吓得浑身发抖，但它很狡猾，眼珠子一转，计上心来。只见狐狸故作镇定地对老虎说：'你怎么敢吃我？我可是上天派来管理百兽的大王！你要是吃了我，就是违抗天帝的命令，天帝会惩罚你的！'老虎半信半疑地看着狐狸。狐狸接着说：'你要是不信，就跟在我后面到森林里走一趟，看看动物们是不是都怕我。'老虎想了想，决定试试看。于是狐狸大摇大摆地走在前面，老虎紧跟在后面。森林里的小动物们远远看到老虎来了，吓得纷纷逃命。狐狸得意地回头说：'你看到了吧？动物们都怕我！'老虎不知道动物们怕的其实是它自己，还真以为狐狸是百兽之王呢。,不要借别人的威势来吓唬人。狐假虎威的行为终究会被揭穿，要靠自己的真本事。,故事,趣学成语,新增内容,狐狸借着老虎的威风吓遍百兽！,狐假虎威,百兽逃散，怕的真是狐狸？,https://cdn-private.sm.cn/souti-imgs-lasting/cover_gm_0dd4d2fab28854259d4371f0db8fa3df.jpg
cf69ba56472f4074b296177023ba0525,21,黔驴技穷,成语故事,比喻有限的本领已经用完了，再无办法。,古时候，贵州这个地方没有驴子，人们从来没有见过驴。有个好事的人用船运来了一头驴，放在山脚下。山里的老虎第一次看到驴，只见它身体高大、耳朵长长的，心想：'这是什么怪物？个头这么大，肯定很厉害吧！'老虎躲在树丛后面，远远地偷看，不敢靠近。过了几天，老虎壮着胆子走近了一些。驴突然大叫了一声'嗯啊——'老虎吓了一大跳，赶紧跑开，以为驴要来攻击它。又过了一段时间，老虎发现驴除了叫几声之外，好像没什么特别的本事，于是又走近了一些，在驴旁边蹭来蹭去故意挑逗它。驴终于生气了，抬起后蹄朝老虎踢去。老虎一闪就躲开了，心里反而高兴起来：'原来你就只会踢这一招啊！'老虎大吼一声，猛扑上去，一口咬住了驴的喉咙，把驴吃掉了。,做人要有真才实学，仅凭外表吓人是不能长久的。要不断学习，充实自己的本领。,故事,趣学成语,新增内容,驴的招数用完后，老虎笑了,黔驴技穷,个头这么大，就只会踢一脚？,https://cdn-private.sm.cn/souti-imgs-lasting/cover_gm_c440d8646362ef6f1b74080612cf8e51.jpg
9d8eecc481a24209b92f76bfa8defc57,22,刻舟求剑,成语故事,比喻拘泥固执，不知变通，不能根据变化了的情况处理问题。,战国时期，楚国有一个人坐船过江。船行到江心的时候，他一不小心，身上佩戴的宝剑掉进了江里。船上的人都替他着急，叫他赶快跳下水去捞。可是这个人一点都不慌张，他不紧不慢地从口袋里掏出一把小刀，在船舷上剑掉下去的地方刻了一个记号。别人奇怪地问他：'你不赶紧捞剑，在船上刻记号干什么？'他得意地说：'别着急，我的剑就是从这个位置掉下去的，我做好记号了。等船靠了岸，我就从这个刻记号的地方跳下水去，准能把剑捞上来。'船上的人听了都忍不住笑了。船一直在走，可是掉在水里的剑不会跟着船走啊。等船靠了岸，他从刻记号的地方跳下水去摸了半天，当然什么也没找到。剑早就留在了最初落水的地方了。,事物是不断发展变化的，不能用老眼光看问题，要随着情况的变化灵活应对。,故事,趣学成语,新增内容,在船上刻记号找剑，能找到吗？,刻舟求剑,船一直在走，刻个号能找回？,https://cdn-private.sm.cn/souti-imgs-lasting/cover_gm_4c7583c538af7f289574d70b4b4b5782.jpg
acce86027f2c4421938d265a1f4a1663,23,南辕北辙,成语故事,比喻行动和目的相反，努力的方向完全错了。,战国时期，有一个魏国人想去南方的楚国办事。他坐上马车出发了，可是他的马车却一直往北走。路上有人看到了，奇怪地问他：'楚国在南边，你怎么往北走啊？'这个人得意地说：'没关系，我的马跑得快！'路人说：'马再快，方向不对也到不了楚国啊！'这个人又说：'没关系，我带的盘缠多！'路人着急地说：'盘缠再多，你往北走永远也到不了南方的楚国！'这个人还是不以为然地说：'没关系，我的车夫驾车技术好！'路人叹了口气说：'你的马越好、盘缠越多、车夫技术越高，你就跑得越快，可是方向反了，跑得越快反而离楚国越远啊！'可是那个人就是不听劝，继续朝北走去。结果可想而知，他永远也到不了楚国。,做事情首先要方向正确。如果方向错了，条件再好、再努力也达不到目标，反而会离目标越来越远。,故事,趣学成语,新增内容,要去南边却往北走，越努力越远,南辕北辙,想去南边，他却往北赶路？,https://cdn-private.sm.cn/souti-imgs-lasting/cover_gm_64c4243abfcbed5e9b908aa845751fef.jpg
a402c480544c40dfb380e97abc5fe238,24,鹬蚌相争,成语故事,比喻双方争执不下，两败俱伤，让第三方得利。,一个阳光灿烂的日子，一只河蚌从水里爬到岸边，张开两片硬壳，舒舒服服地晒太阳。正在这时，一只鹬鸟飞来了。它看到河蚌露出了鲜嫩的肉，馋得不得了，立刻伸出长长的嘴巴去啄蚌肉。河蚌吓了一跳，连忙把两片壳合起来，紧紧夹住了鹬鸟的嘴巴。鹬鸟拼命地想把嘴巴拔出来，可是蚌壳夹得太紧了，怎么也拔不出来。鹬鸟生气地说：'今天不下雨，明天不下雨，你就会干死的！'河蚌也不甘示弱地回答说：'今天不放你，明天不放你，你就会饿死的！'两个家伙就这样僵持着，谁也不肯让步，谁也不肯放手。正在这时候，一个渔夫从河边经过，看到这个情景，高兴坏了。他不费吹灰之力就把鹬鸟和河蚌一起抓住，放进了篓子里。鹬和蚌最终都成了渔夫的囊中之物。,双方争斗不休只会两败俱伤。遇到矛盾要懂得退让和协商，否则只会让第三方渔翁得利。,故事,趣学成语,新增内容,两个死磕，渔翁白捡便宜！,鹬蚌相争,互不相让，最后便宜了谁？,https://cdn-private.sm.cn/souti-imgs-lasting/cover_gm_6c4f62fb58430a94b21724c03697d4ec.jpg
25d37498e47544fbbb060251eed7edf6,25,滥竽充数,成语故事,比喻没有真才实学的人混在行家里凑数，也比喻以次充好。,战国时期，齐国的齐宣王非常喜欢听吹竽，而且他有一个特别的爱好——喜欢听三百人一起合奏。于是他养了一支三百人的吹竽乐队，每个乐手的待遇都很好。有一个叫南郭的人，其实根本不会吹竽，但他听说齐宣王从来只听合奏，心想：'三百人一起吹，我混在里面装装样子，谁能发现呢？'于是他跑去报了名，混进了乐队。每次演奏的时候，南郭先生就鼓着腮帮子，按着竽眼，装出一副很投入的样子，其实他一个音都没吹出来。就这样，他混了好几年，和其他真正会吹竽的乐手拿一样多的工资。后来齐宣王去世了，他的儿子齐湣王继位。齐湣王也喜欢听竽，但他的爱好和他父亲不同——他喜欢听独奏，让乐手一个一个轮流吹给他听。南郭先生一听到这个消息，吓得冷汗直流：'这下完了，一个人吹的话，马上就会露馅！'他赶紧收拾行李，连夜溜走了。,没有真才实学终究会露馅。做人要踏实学习真本领，不能靠蒙混过关。,故事,趣学成语,新增内容,不会吹竽混在乐队里，能藏多久？,滥竽充数,一个音都不会，他怎么混的？,https://cdn-private.sm.cn/souti-imgs-lasting/cover_gm_528f0758e74e0d0a2b99a148154e2287.jpg
1508fbe648824a11ae100c758ea70412,26,塞翁失马,成语故事,比喻坏事在一定条件下可以变为好事，好事也可能变成坏事。,在靠近边塞的地方，住着一位善于养马的老翁，人们都叫他塞翁。有一天，塞翁的一匹好马突然跑丢了，跑到了胡人那边。邻居们都来安慰他，塞翁却平静地说：'丢了马，谁知道这不是一件好事呢？'果然过了几个月，那匹马不但自己跑回来了，还带回了一匹胡人的骏马。邻居们纷纷来道贺，塞翁却忧虑地说：'白白得了一匹好马，谁知道这不是一件坏事呢？'塞翁的儿子很喜欢骑马，有一天骑那匹胡马时不小心摔了下来，跌断了腿。邻居们又来安慰，塞翁还是那句话：'谁知道这不是好事呢？'过了一年，胡人大举入侵边塞，青壮年都被征去打仗，十有八九战死了。塞翁的儿子因为腿断了不能从军，父子得以保全性命。,祸与福是可以相互转化的。遇到不顺心的事不必悲观，好事也不必过于乐观。凡事要看长远。,故事,趣学成语,新增内容,丢了马是坏事吗？,塞翁失马,马丢了，他为何不着急？,https://cdn-private.sm.cn/souti-imgs-lasting/cover_gm_4733725b099d689c63ec4a6c97b3ec4c.jpg
c3bdf9553bee4c12afa647bb1e1e788a,27,庖丁解牛,成语故事,比喻技术纯熟，运用自如，达到得心应手的境界。,战国时期，有一个叫庖丁的厨师在梁惠王面前宰牛。只见他手起刀落，动作轻快流畅，牛的骨肉被完美地分解开来，发出的声音就像美妙的音乐一样有节奏。梁惠王看得目瞪口呆，赞叹道：'好极了！你的技术怎么能达到这种出神入化的境界呢？'庖丁放下刀，微笑着回答说：'我追求的是规律，已经超越了一般的技术。刚开始学宰牛的时候，我眼里看到的是一头完整的牛。三年之后，我眼里就不再是完整的牛了，而是牛身体内部的经络和骨骼结构。现在我宰牛全靠心领神会，顺着牛体的天然纹理，在骨节的缝隙中下刀，所以刀刃从不碰到坚硬的骨头。一般的厨师一个月换一把刀，我这把刀用了十九年还像新的一样。',做事要掌握规律，顺应规律。经过长期的练习和体悟，就能达到炉火纯青、游刃有余的境界。,故事,趣学成语,新增内容,一把刀用了19年还像新的！,庖丁解牛,凭什么一把刀能用十九年？,https://cdn-private.sm.cn/souti-imgs-lasting/cover_gm_efd7dc7935a11c03bb2eddf1b9660f86.jpg
377a85d852054e5e85a9395896527def,28,自相矛盾,成语故事,比喻自己的言行前后不一致，互相抵触。,战国时期，楚国有一个卖兵器的商人。他在集市上摆了一个摊位，既卖矛又卖盾。为了招揽顾客，他拿起一面盾牌大声吆喝：'大家快来看啊，我这面盾坚固无比！不管你用什么东西来刺它，都刺不穿！天底下没有任何武器能穿透我这面盾！'说完他又拿起一支长矛，继续吆喝：'大家再看看我这支矛，锋利无比！不管什么东西放在它面前，它都能刺穿！天底下没有我这支矛刺不穿的东西！'这时候，围观的人群中有一个聪明人笑着问他：'那么请问，如果用你那支什么都能刺穿的矛，去刺你那面什么都刺不穿的盾，结果会怎么样呢？'商人张口结舌，一句话也说不出来，只好灰溜溜地收摊走了。,说话做事要前后一致、合乎逻辑。自相矛盾只会让人无法信服，夸大其词终会被拆穿。,故事,趣学成语,新增内容,自己的矛刺自己的盾，谁会赢？,自相矛盾,他的矛能戳穿他的盾吗？,https://cdn-private.sm.cn/souti-imgs-lasting/cover_gm_616d36910f2f18b11a8913af3a96db62.jpg
b6b624cf72da43d1b8c0dae537f8ecda,29,买椟还珠,成语故事,比喻没有眼光，取舍不当，抓了次要的而丢了主要的。,战国时期，楚国有一个珠宝商人想到郑国去卖一颗非常珍贵的珍珠。为了吸引买家，他特意找来上等的木兰木，请最好的工匠做了一个精美绝伦的盒子来装这颗珍珠。盒子外面用香料熏过，雕刻着漂亮的花纹，还镶嵌了翡翠和玫瑰石，装饰得华丽无比。商人到了郑国后把盒子摆出来，果然引来了很多人围观。一个郑国人看到这个盒子后惊叹不已，二话不说出了高价买了下来。可是让商人万万没想到的是，这个郑国人小心翼翼地打开盒子，把里面的珍珠取了出来还给了商人，然后抱着空盒子高高兴兴地走了。他只看到了盒子的精美外表，却完全不认识珍珠的真正价值。,做事要分清主次轻重，不能本末倒置。要注重事物的内在价值，而非被华丽的外表所迷惑。,故事,趣学成语,新增内容,盒子太好看，不要珍珠了,买椟还珠,为何只要盒子，不要珍珠？,https://cdn-private.sm.cn/souti-imgs-lasting/cover_gm_b66f59292d15c634393076ec3ba5207a.jpg
bbd29a18ec6d47f08cd76b7c95b89c68,30,囫囵吞枣,成语故事,把枣整个吞下去不加咀嚼，比喻学习不加分析理解，笼统地接受。,从前有一个自以为聪明的人，有一天他听一位医生说：'梨子对牙齿有好处，但是吃多了会伤脾胃；枣子对脾胃有好处，但是吃多了会伤牙齿。'这个人听完之后眼珠一转，得意地说：'这还不简单？我有一个好办法可以两全其美——吃梨的时候只用牙齿嚼，不把梨咽进肚子里，这样就只对牙齿好而不伤脾胃了；吃枣的时候呢，不用牙齿嚼，把整个枣子直接吞下肚子里，这样就只对脾胃好而不伤牙齿了！'旁边的人听了哈哈大笑说：'你吃梨只嚼不咽倒还罢了，可你吃枣不嚼就整个吞下去，这不就是囫囵吞枣吗？你连枣子是什么味道都不知道，又怎么说得上对脾胃有好处呢？'那人被说得哑口无言。,学习知识要细心琢磨、深入理解。囫囵吞枣、不求甚解只会一知半解，学不到真本事。,故事,趣学成语,新增内容,枣子整个吞，啥味也不知道,囫囵吞枣,枣子整个吞，能尝出味吗？,https://cdn-private.sm.cn/souti-imgs-lasting/cover_gm_4940bafc66b3725ee0ad1a0212321eee.jpg
5fdeeac2c6834cd6a9f3616464653a4e,31,螳臂当车,成语故事,螳螂举起前臂想挡住车子，比喻不自量力，妄想阻挡强大的力量。,春秋时期，齐庄公有一次乘车出去打猎。马车在路上飞快地行驶着。忽然前方路中间出现了一只小小的螳螂，它非但没有逃跑躲避，反而高高举起两只前臂，张牙舞爪地挡在车轮面前，摆出一副要和马车搏斗的架势。齐庄公觉得很有趣，问赶车的车夫：'那是什么虫子？胆子这么大？'车夫回答说：'大王，那是螳螂。这种虫子有一个特点，它只知道进攻不知道后退，从来不掂量自己的力量大小就敢向比自己强大得多的对手挑战。它现在就想挡住我们的马车呢！'齐庄公听了感慨地说：'好勇敢的虫子啊！如果它是人的话，一定是一个天下无敌的勇士。'说完他让车夫绕道而行，不忍心碾压这只勇敢的螳螂。,做事要有自知之明，认清自己和对手的实力差距。勇气固然可嘉，但也要讲究策略，不能不自量力。,故事,趣学成语,新增内容,小螳螂挡大车，勇气还是愚蠢？,螳臂当车,小虫子也敢拦马车？,https://cdn-private.sm.cn/souti-imgs-lasting/cover_gm_16210159909d246cce4b44739d21901d.jpg
95c0b879097f40c09f65ae84a6904abd,32,望洋兴叹,成语故事,仰望海洋发出叹息，比喻做事力量不够或条件不足而感到无可奈何。,《庄子》中讲了一个故事：黄河之神河伯，平时管理着黄河的水域。每到秋天雨季来临，无数条小河的水都汇入黄河，河面变得非常宽阔，站在一岸都看不清对岸的牛马。河伯见了非常得意，觉得天下最壮观的水景都在自己这里了，没有比黄河更大的水了。于是河伯顺着水流一路向东走去。当他来到北海的入海口时，向东边望去，只见海面无边无际、水天相连，根本看不到尽头。河伯这才恍然大悟，惭愧地对北海之神说：'俗话说，听到了一些道理就以为天下没人比得上自己，说的就是我这种人啊。如果不是今天来到您的面前亲眼看到了大海的浩瀚，我还一直以为黄河是天下最大的水呢，那可就要被天下人嘲笑了。',人要有自知之明，不能因为一点成绩就骄傲自满。天外有天，人外有人，保持谦虚才能不断进步。,故事,趣学成语,新增内容,看到大海才知道自己有多小,望洋兴叹,望着无边大海，他叹了气,https://cdn-private.sm.cn/souti-imgs-lasting/cover_gm_3d8d2431564487c2ddeceae404df2abe.jpg
a564a90624b7425fb4bd0c28d164fe6b,33,缘木求鱼,成语故事,比喻方向方法不对，不可能达到目的。,战国时期孟子去见齐宣王。齐宣王正一心想着称霸天下、征服四方。孟子劝他说：'大王想要靠武力征服天下就像爬到树上去捉鱼一样啊。'齐宣王很惊讶地说：'爬到树上怎么可能捉到鱼？有这么严重吗？'孟子说：'比这还严重呢！爬到树上捉鱼最多是捉不到，不会有什么坏处。可是您想靠穷兵黩武来称霸诸侯，不但实现不了目标反而会给国家带来灾难。小国不会因为害怕就服从您，大国会联合起来对付您。到时候不但称霸不成还会把自己搞得灭亡。如果大王真想让天下归心就应该施行仁政——让百姓安居乐业、丰衣足食，那样天下人自然就会来归附您，不用打仗就能称王天下。'齐宣王听了深有感触但最终没能完全做到。,做事要用对方法和方向。方法不对再怎么努力也是白费功夫。先想清楚目标和路径再行动。,故事,趣学成语,新增内容,爬上树去抓鱼，可能吗？,缘木求鱼,爬上树去抓鱼，可能吗？,https://cdn-private.sm.cn/souti-imgs-lasting/cover_gm_470f7dd26ea3940cb0debeb47a0d6b72.jpg
cfa1690db6ea4fb3a6242986c3f153ce,34,闻鸡起舞,成语故事,听到鸡叫就起来练剑，比喻有志之人及时奋发努力。,东晋时期，有两个年轻人叫祖逖和刘琨，他们都是胸怀大志、忧国忧民的热血青年。当时国家正遭受外敌侵略，百姓生活在战乱之中。祖逖和刘琨住在一起，每天都在讨论如何报效国家、收复失地。一天半夜里，祖逖在睡梦中突然被公鸡的鸣叫声吵醒了。他一脚把刘琨踢醒，兴奋地说：'你听到鸡叫了吗？别人都觉得半夜听见鸡叫不吉利，可我觉得这是在催我们赶紧起来练武啊！'刘琨也深表赞同。从那以后，两人每天一听到鸡叫就起床，在院子里拔剑对舞，刻苦练习武艺，无论刮风下雨从不间断。经过长期的苦练，两人都成了文武双全的人才。后来祖逖率领军队北伐，收复了大片被敌人占领的土地，成为一代名将。,有志气的人要抓紧时间，及时奋发努力，不能懈怠。成功来自日复一日的坚持和勤奋。,故事,趣学成语,新增内容,听到鸡叫就起床练剑，难怪成大器,闻鸡起舞,天还没亮，有志的人已动身,https://cdn-private.sm.cn/souti-imgs-lasting/cover_gm_e7257e1c8e8d72e9344f63a9d109e41f.jpg
2086a897a5934fff9c443cd482ee3a22,35,望梅止渴,成语故事,比喻用空想来安慰自己，也比喻愿望无法实现时用幻想来自我宽慰。,三国时期，有一年夏天，曹操带领军队去打仗。天气非常炎热，太阳火辣辣地烤着大地，士兵们走了很久的路，又热又渴，一个个无精打采，走路的速度越来越慢。曹操看着疲惫不堪的士兵们，心里非常着急，因为附近根本找不到水源。如果再这样走下去，恐怕军队要散架了。曹操灵机一动，用马鞭指着前方大声喊道：'大家快看，前面不远的地方有一大片梅林！树上结满了又大又甜的梅子，大家加把劲，走到那里就能吃个够了！'士兵们一听到梅子两个字，嘴里立刻生出了口水，就好像已经吃到了酸甜可口的梅子一样，顿时不觉得那么渴了。大家精神振奋，加快了脚步，很快就走到了有水源的地方。,在困难面前要善于运用智慧激励士气。同时也提醒我们不能总是依赖幻想，要脚踏实地。,故事,趣学成语,新增内容,解渴神器，就看曹操的一句话,望梅止渴,一句话，怎么解了全军的渴？,https://cdn-private.sm.cn/souti-imgs-lasting/cover_gm_3eaaa11e97da2141e3315799b8e9a8ed.jpg
0dafb27de9d44e2aa66357a059d4c505,36,精卫填海,成语故事,比喻意志坚决，不畏艰难，努力奋斗到底。,上古时代，炎帝有一个聪明可爱的小女儿，名叫女娃。女娃非常喜欢大海，经常一个人跑到东海边去玩耍。有一天，女娃又来到东海边，她划着一条小船到海上去游玩。没想到突然刮起了大风，掀起了巨浪，小船被海浪打翻了。可怜的女娃被海水淹没了，再也没有回来。女娃并没有就此消失，她的灵魂变成了一只小鸟，长着花脑袋、白嘴巴、红爪子，发出'精卫、精卫'的叫声，人们就叫它精卫鸟。精卫鸟非常恨那无情的大海夺去了她的生命，她决心要把大海填平。于是她每天从西山上衔来小石子和小树枝，投到东海里去。大海嘲笑她说：'就凭你这么小的身体，就算干上一百万年也填不平我！'精卫鸟坚定地回答：'哪怕干上一千万年、一万万年，我也要把你填平！'就这样，精卫鸟日复一日、年复一年地衔石填海，永不停歇。,做事要有坚定不移的决心和百折不挠的毅力。只要持之以恒，就能战胜一切困难。,故事,趣学成语,新增内容,小鸟衔石填海，永不放弃！,精卫填海,再小的力量，也敢挑战大海,https://cdn-private.sm.cn/souti-imgs-lasting/cover_gm_9909a845c9581c2508d16af6b8369320.jpg
a67e08a35263427987605ede2c4eeb9d,37,亡羊补牢,成语故事,比喻出了问题以后及时纠正，防止继续受损失。,从前，有一个牧羊人养了一群羊。有一天早上，他去放羊的时候发现少了一只羊。他仔细检查羊圈，发现羊圈有一个窟窿，夜里狼从窟窿钻进来把羊叼走了。邻居看见了劝他说：'赶紧把窟窿堵上吧，不然狼还会来的。'牧羊人满不在乎地说：'羊已经丢了，修羊圈还有什么用呢？'第二天早上，他去数羊，发现又少了一只。原来狼又从那个窟窿钻进来叼走了一只羊。牧羊人非常后悔，心想：'我要是昨天就听邻居的话把窟窿修好，今天就不会再丢羊了。'他赶紧找来一些石头和木头，把羊圈的窟窿堵得严严实实的。从那以后，他的羊再也没有丢过一只。,发现错误要及时改正。虽然已经有了损失，但只要及时补救，就能防止更大的损失。亡羊补牢，为时不晚。,故事,趣学成语,新增内容,如果你丢了羊会怎么做？,亡羊补牢,羊都丢了，补羊圈还有用吗？,https://cdn-private.sm.cn/souti-imgs-lasting/cover_gm_70e5e00c795beb70d945492fa35431c8.jpg
11a7db3cedfe47749458402891de5e8d,38,画龙点睛,成语故事,比喻在关键处加上精辟的语句，使内容更加生动传神。,南北朝时期，有一位非常有名的画家叫张僧繇。有一次，他在金陵的安乐寺墙壁上画了四条龙。这四条龙画得栩栩如生，鳞片闪闪发光，龙爪刚劲有力，身体弯弯曲曲像在云中翻腾，非常逼真。可是人们仔细一看，发现这四条龙都没有画眼睛。大家很奇怪，纷纷问他：'先生，您的龙画得这么好，为什么不给它们画上眼睛呢？'张僧繇笑着说：'如果我画上眼睛，龙就会飞走的。'大家都不相信，以为他在吹牛，一再要求他画上眼睛。张僧繇推辞不过，只好提起画笔，给其中两条龙点上了眼睛。说来也怪，他刚刚点完最后一笔，天空中突然乌云密布，电闪雷鸣，两条被点上眼睛的龙竟然破壁而出，腾空飞上了天。围观的人个个目瞪口呆，等云散天晴后再看墙壁，上面果然只剩下了两条没有点眼睛的龙。,做事要善于抓住关键和要点。在最重要的地方下功夫，往往能起到事半功倍的效果。,故事,趣学成语,新增内容,画完龙，点上眼睛它竟然活了,画龙点睛,点上眼睛，龙真会飞走吗？,https://cdn-private.sm.cn/souti-imgs-lasting/cover_gm_9a1583666c8d0dc9502b61bd9b7c2396.jpg
19045623106946f89c188e4e0d38bd9e,39,对牛弹琴,成语故事,比喻对不懂道理的人讲道理，白费口舌。也比喻说话不看对象。,古时候，有一个叫公明仪的音乐家，他弹琴的技艺非常高超，很多人都爱听他弹琴。有一天，公明仪带着琴来到郊外散步，看到一头牛正在低头吃草。他心想：'这么美的景色，不弹一曲多可惜啊！'于是他坐在牛面前，弹起了一首非常高雅的曲子。优美的琴声在田野里回荡，可是那头牛呢？它连头都没抬一下，照样低着头嚼它的草，完全没有理会这美妙的音乐。公明仪有点不甘心，又弹了一首更高深的曲子，可牛还是无动于衷。公明仪这才明白过来：不是琴弹得不好，而是牛根本听不懂这样的音乐。于是他换了一种弹法，弹出了蚊子嗡嗡叫的声音和小牛哞哞叫的声音。这下牛来了反应，竖起耳朵，摇着尾巴，走来走去，好像在仔细听呢。,说话做事要看对象，根据对方的特点采用合适的方式。否则再好的东西也会白费力气。,故事,趣学成语,新增内容,琴弹得再好，牛也听不懂,对牛弹琴,说得再好，也得看对象,https://cdn-private.sm.cn/souti-imgs-lasting/cover_gm_322574df1e2ece9ede40e43f0433d986.jpg
b8c5ea4a556d4a2ba9d4ae79717a1476,40,胸有成竹,成语故事,比喻做事之前已有充分的把握和准备。,北宋时期，有一位画家叫文同，他画的竹子远近闻名，很多人都来向他求画。文同为什么能把竹子画得那么好呢？原来他非常喜欢竹子，在自家房前屋后种了各种各样的竹子。他每天都去观察竹子，看竹子在春天怎样发芽，在夏天怎样茂盛，在秋天怎样变黄，在雨中什么样子，在风中什么姿态，在月光下什么神韵。日积月累，竹子在不同季节、不同天气下的各种形态，他都烂熟于心。所以他每次提笔画竹的时候，根本不需要对着真竹子看，因为在他心中已经有了完整的竹子形象，画起来自然得心应手、一气呵成。有个叫晁补之的人称赞他说：'文同画竹，早已胸有成竹了。'意思就是他心中已经有了完整的竹子，所以才能画得这么好。,做事前要充分准备，深入了解，做到心中有数。只有胸有成竹，才能从容不迫地把事情做好。,故事,趣学成语,新增内容,画竹前心里先有竹，秘诀在这,胸有成竹,准备足了，下笔才不慌,https://cdn-private.sm.cn/souti-imgs-lasting/cover_gm_901d1eedad81b43ec8657f628796f408.jpg
5c22ef9d8f6743df9acdd9a0f880b844,41,毛遂自荐,成语故事,比喻自告奋勇，主动推荐自己去担任某项工作。,战国时期，秦国的军队包围了赵国的都城邯郸，情况十分危急。赵王派平原君赵胜去楚国求援，请楚王出兵帮忙。平原君决定挑选二十名有文有武的随从一起去，可是挑来挑去只选中了十九个人，还差一个。这时候，一个叫毛遂的门客主动站了出来，对平原君说：'我愿意去！'平原君打量了他一下说：'你在我这里待了三年了，我怎么没听说过你有什么本事？有才能的人就像锥子放在口袋里，尖头马上就会露出来。你待了三年都没露出头，说明你本事不大啊。'毛遂不服气地说：'那是因为您一直没把我放进口袋里啊！今天请您给我一个机会，把我放进口袋里试试。'平原君觉得他说得有道理，就带上了他。到了楚国后，平原君和楚王谈了一上午都没有结果，毛遂大步走上台阶，慷慨陈词，分析利害关系，终于说服楚王同意出兵救赵。平原君感叹道：'毛先生的三寸之舌，胜过百万大军！',有才能的人要善于把握机会，敢于展示自己。关键时刻勇于担当，才能大展身手。,故事,趣学成语,新增内容,没人推荐，就自己推荐自己,毛遂自荐,是金子，何必等人发现,https://cdn-private.sm.cn/souti-imgs-lasting/cover_gm_d83199a70a72ad6aa8aa1df974fe5283.jpg
7f663959d8c3442296c38bae3ade54c5,42,引狼入室,成语故事,比喻把坏人引进内部，自招祸害。,很久以前，有一个牧羊人在草地上放羊。一天寒冬的傍晚，他赶着羊群回家的路上，发现路边有一只冻得奄奄一息的狼。狼用可怜巴巴的眼神看着他，有气无力地说：'好心的牧羊人，求求你救救我吧，我快冻死了。我保证再也不吃羊了。'牧羊人心肠很软，看到狼这副可怜样，动了恻隐之心。他不顾羊群的惊恐反应，把狼带回了家中，放在火炉旁边给它取暖，还喂它食物。狼渐渐暖和过来，恢复了体力。可是它一恢复力气，立刻露出了凶恶的本性。它完全忘记了自己的承诺，趁牧羊人不注意，一头冲进羊圈，咬死了好几只肥羊。牧羊人赶来时已经来不及了，他痛心地说：'都怪我心太软，竟然把狼引进了自己的家里！',对坏人不能掉以轻心，更不能把坏人带到自己身边。善良是好事，但也要分清对象，保持警惕。,故事,趣学成语,新增内容,救了冻僵的狼，羊全没了,引狼入室,一时心软，惹来大祸,https://cdn-private.sm.cn/souti-imgs-lasting/cover_gm_c6f4506ea891a17361ccd038969110d4.jpg
5f117a14203a437895ed629c15227086,43,东施效颦,成语故事,比喻盲目模仿别人，结果适得其反，闹出笑话。,春秋时期，越国有一个绝代美女叫西施。西施不仅长得美，而且一举一动都很优雅迷人。有一次，西施犯了心口疼的毛病，她一手捂着胸口，紧皱着眉头，在街上慢慢走着。虽然她是因为疼痛才皱眉捂胸，可是那个样子看起来反而更加楚楚动人、别有一番风韵。村子里的人看到了都忍不住多看几眼。村里有一个丑女孩叫东施，她看到西施这副模样这么受欢迎，心想：'原来皱着眉头、捂着胸口的样子这么好看啊！我也来试试。'于是东施也学着西施的样子，紧皱眉头、双手捂胸，在村子里走来走去。可是她本来就长得不好看，再加上这番故意做作的表情，显得又丑又怪。村里的富人看见了，赶紧关上大门不出来；穷人看见了，拉着老婆孩子躲得远远的。东施只知道西施皱眉的样子很美，却不知道那是因为西施本身就美，所以皱眉才好看。,不要盲目模仿别人。每个人要根据自身特点来发展，否则东施效颦，只会适得其反。,故事,趣学成语,新增内容,模仿美女的表情，结果更丑,东施效颦,照搬别人，丢了自己,https://cdn-private.sm.cn/souti-imgs-lasting/cover_gm_6fecdc0560d7326de4a7eaf0545688ea.jpg
1712727c44e4408a9733a532759884f5,44,惊弓之鸟,成语故事,比喻受过惊吓后遇到类似情况就格外害怕的人。,战国时期，魏国有一位神射手叫更羸。有一天，他和魏王在花园里散步，抬头看到天空中有一群大雁飞过。更羸仔细观察了一会儿，对魏王说：'大王，我不用箭，只用弓弦的声音就能把一只大雁射下来。'魏王一听，非常吃惊：'你的射箭技术竟然高超到这种地步了吗？'更羸没有多解释，拿起弓对准天空中那只落在后面的大雁，使劲拉了一下弓弦，'嘣——'的一声响。只见那只大雁听到弓弦的声响后，扑棱了几下翅膀，突然从空中掉了下来。魏王惊讶得说不出话。更羸解释说：'这只大雁飞得又低又慢，叫声又凄惨，说明它受过箭伤，伤口还没有好。它离开雁群独自飞行，说明它已经被同伴抛弃了。它一听到弓弦声，就以为又有箭射来，吓得拼命往高处飞，结果伤口裂开，翅膀使不上劲，就从空中掉下来了。',受过打击的人容易变得胆怯。同时也告诉我们，善于观察和分析，就能洞察事物的本质。,故事,趣学成语,新增内容,没射箭，鸟就掉下来,惊弓之鸟,没搭箭，鸟怎么掉下来？,https://cdn-private.sm.cn/souti-imgs-lasting/cover_gm_2980db7b53b13a7c9068dd6db5f1f612.jpg
0433debda58a4d80a94c5f16ca23095e,45,指鹿为马,成语故事,比喻颠倒黑白，混淆是非，故意歪曲事实。,秦始皇去世后，宰相赵高掌握了朝廷大权。他野心勃勃，想当皇帝，但又不知道朝中有多少大臣会听自己的话。于是他想出了一个办法来试探。一天上朝的时候，赵高让人牵来一头鹿，献给秦二世说：'臣把一匹好马献给陛下。'秦二世一看就笑了：'丞相搞错了吧？这明明是一头鹿，怎么说是马呢？'赵高故意板着脸说：'这确实是一匹马。陛下如果不信，可以问问在场的大臣们。'秦二世就转头问大臣们。有些胆小怕事的大臣看了看赵高的脸色，赶紧附和说：'丞相说得对，这确实是一匹马。'有些正直的大臣坚持说：'这明明就是一头鹿，不是马。'还有些人吓得不敢说话，低着头不吭声。赵高暗暗记下了那些说是鹿的大臣，后来找各种借口把他们一个个都害死了。从此朝中大臣们都不敢说真话了。,要敢于坚持真理，不能因为权势的压迫就颠倒黑白。混淆是非的人终将被历史唾弃。,故事,趣学成语,新增内容,明明是鹿，他非说是马,指鹿为马,颠倒黑白，谁还敢说真话,https://cdn-private.sm.cn/souti-imgs-lasting/cover_gm_e30598d884c4011819e95d854c361188.jpg
5d0728feee4b4ba99a8bb43e5aeeb51b,46,不耻下问,成语故事,不以向地位、学识不如自己的人请教为羞耻，形容虚心好学。,春秋时期，卫国有一位大夫叫孔圉，他非常聪明能干，做官也做得很好。但最难得的是，他为人非常谦虚好学。虽然他的学问已经很高，地位也很显赫，但他从来不摆架子，遇到不懂的问题就向别人请教，哪怕对方的身份和地位比自己低很多，他也虚心求教，一点也不觉得丢面子。孔圉去世以后，卫国国君为了表彰他的品德和学问，给他追加了一个'文'的谥号。孔子的学生子贡觉得很奇怪，就问孔子：'老师，孔圉的学问确实不错，但卫国比他有学问的人也不少啊，为什么偏偏给他一个文的谥号呢？'孔子笑着回答说：'孔圉聪敏好学，而且最了不起的是他不耻下问——不管对方身份多低，只要能学到东西，他都愿意虚心请教。就凭这一点，他就配得上文这个谥号。',学习知识要虚心向别人请教，不要因为对方的地位低或年纪小就不好意思求教。真正有学问的人都是谦虚好学的。,故事,趣学成语,新增内容,学问再高也能虚心请教,不耻下问,肯低头问，才学得到真本事,https://cdn-private.sm.cn/souti-imgs-lasting/cover_gm_c92315b8760a8ef8828e59c63340a3b0.jpg
b43ded6a11f04ab8b209889583033fdc,47,千钧一发,成语故事,千钧的重量系在一根头发上，比喻情况万分危急。,西汉时期，吴王刘濞对朝廷心怀不满，暗中积蓄力量，准备起兵谋反。大臣枚乘看出了吴王的野心，冒着生命危险给吴王写了一封劝谏信。信中他用了一个非常生动的比喻来说明形势的危急。他写道：'把千钧（古代重量单位，一钧等于三十斤）那么重的东西系在一根细细的头发上，悬挂在万丈深渊之上。上面是千钧的重压，下面是万丈的深渊，而中间只靠一根头发支撑——这种情况危险不危险？就算是最愚蠢的人也知道这有多危险！大王您现在要谋反，就好比是千钧一发的处境啊。以小小的吴国去对抗强大的朝廷，就像以卵击石，后果不堪设想！'可惜吴王没有听从枚乘的劝告，最终起兵谋反失败身亡。,在危急关头要冷静判断、做出正确选择。平时也要有忧患意识，不要让局势发展到千钧一发的地步。,故事,趣学成语,新增内容,头发丝吊着千斤重物，危险！,千钧一发,一根发丝，吊得住千斤吗？,https://cdn-private.sm.cn/souti-imgs-lasting/cover_gm_162bbbeddb92828368f66a69c2aab89b.jpg
5866fdaf2c254e2aa3922e98031e39b1,48,一箭双雕,成语故事,一箭射中两只雕，比喻做一件事同时达到两个目的。,北周时期，有一位将军叫长孙晟，他不但武艺高强，而且箭术精湛，百步穿杨。有一次朝廷派长孙晟护送一位公主去突厥和亲。到了突厥之后，突厥可汗设宴招待他。宴会上可汗听说长孙晟箭术了得，就想见识一下。他们来到空旷的草原上，抬头看见天空中有两只大雕正在争抢一块肉，一边飞一边打架。突厥可汗指着天上的大雕说：'长孙将军，你能射下它们吗？'长孙晟微微一笑，他不慌不忙地取出一支箭搭在弓上，瞄准了两只雕纠缠在一起的那个瞬间，嗖的一箭射了出去。只见那支箭闪电般飞向空中，竟然同时穿透了两只大雕的身体！两只雕扑棱着翅膀双双落地。在场的突厥人都惊呆了，爆发出雷鸣般的欢呼和掌声。,做事要善于统筹规划、巧妙安排，用最少的代价获得最大的收益。一举两得、事半功倍。,故事,趣学成语,新增内容,一箭射下两只鹰,一箭双雕,算得准，一举就两得,https://cdn-private.sm.cn/souti-imgs-lasting/cover_gm_8a747069ecce337c8aec506f2bb74e1c.jpg
0b333c93ad1448e4843cbc25ab98b55a,49,弄巧成拙,成语故事,本想耍聪明、做得更好，结果反而做了蠢事，把事情搞砸。,北宋时期，有一位画家叫孙知微，他受命要画一幅大型壁画。画中有很多佛教人物，其中有一位水星菩萨手中托着一个净瓶。按照佛教的规矩，水星菩萨的净瓶是用来盛装大海之水的，所以瓶中应该是空的——因为大海的水浩瀚无边，是看不见瓶底的。画的轮廓完成后，孙知微让弟子们帮忙上色。孙知微出去办事的时候，有一个弟子自作聪明，觉得空瓶子看起来太单调了，不够美观，就自作主张在净瓶里画上了一枝荷花。他还得意地觉得自己画得很漂亮，给作品增添了色彩。等孙知微回来一看，顿时又气又急。他说：'净瓶里画了荷花，这瓶子就变成了普通的花瓶了，哪里还有盛装大海之水的意境呢？你这不是弄巧成拙吗！',不要自作聪明、画蛇添足。按照规律和规范行事，不要擅自改变。有时候减法比加法更重要。,故事,趣学成语,新增内容,自作聪明涂掉一笔,弄巧成拙,多画一笔，怎么反坏了事？,https://cdn-private.sm.cn/souti-imgs-lasting/cover_gm_f0863172bf187777b5a9e31edd9f483e.jpg
dd4728da83434b379bcd7eb18e9659e8,50,雪中送炭,成语故事,在下雪天给人送炭取暖，比喻在别人急需时给予帮助。,宋朝太宗年间的一个冬天，天降大雪，寒风刺骨，整个京城都被厚厚的积雪覆盖了。宋太宗在温暖的宫殿里穿着厚厚的裘皮大衣，身边燃着旺旺的炭火，还是觉得冷。他忽然想到：'我在宫里有这么好的条件还觉得冷，城里那些穷苦百姓怎么办呢？他们买不起炭火、穿不起棉衣，在这样的大雪天里岂不是要冻死？'想到这里，宋太宗立刻下令打开国库，派人给京城中的贫困人家送去木炭和棉衣，还额外发放了粮食和银两。这些受苦受冻的穷苦百姓在最寒冷最困难的时候收到了皇帝送来的炭火和衣物，感动得热泪盈眶，纷纷跪地叩谢皇恩。人们传颂着宋太宗雪中送炭的仁德之举，这个故事也从此流传了下来。,在别人最需要帮助的时候伸出援手，才是最珍贵的。锦上添花固然好，但雪中送炭更见真情。,故事,趣学成语,新增内容,最冷的时候送来最暖的帮助,雪中送炭,难处拉一把，最暖人心,https://cdn-private.sm.cn/souti-imgs-lasting/cover_gm_f0038da67be817fd2ec5ac8cea6553f3.jpg
